Rank	Player ID	Player	Team	Position(s)	ADP	Min Pick	Max Pick	Difference	# Picks	Team	Team Pick
1	20272	Gibbs, Jahmyr	DET	RB	1.59	1	6		871		
2	20271	Robinson, Bijan	ATL	RB	1.64	1	7		871		
3	18775	Chase, Ja'Marr	CIN	WR	3.21	1	11		871		
4	20336	Nacua, Puka	LA	WR	4.44	1	16		871		
5	20273	Smith-Njigba, Jaxon	SEA	WR	5.82	3	17		871		
6	15222	McCaffrey, Christian	SF	RB	6.63	2	21		871		
7	18827	St. Brown, Amon-Ra	DET	WR	7.53	3	21		871		
8	17962	Taylor, Jonathan	IND	RB	8.44	3	26		871		
9	22055	Jeanty, Ashton	LV	RB	10.57	3	29		871		
10	19467	Cook III, James	BUF	RB	11.45	3	34		871		
11	17965	Lamb, CeeDee	DAL	WR	11.68	5	30		871		
12	17972	Jefferson, Justin	MIN	WR	12.61	6	36		871		
13	22069	Hampton, Omarion	LAC	RB	14.39	3	33		871		
14	20284	Achane, De'Von	MIA	RB	14.93	6	41		871		
15	20292	Brown, Chase	CIN	RB	15.34	6	38		871		
16	16062	Barkley, Saquon	PHI	RB	17.76	8	45		871		
17	19433	London, Drake	ATL	WR	18.83	5	42		871		
18	19430	Walker III, Kenneth	KC	RB	19.31	6	49		871		
19	21123	Bowers, Brock	LV	TE	22.05	8	54		871		
20	15055	Henry, Derrick	BAL	RB	23.35	10	48		871		
21	19439	McBride, Trey	ARZ	TE	23.53	4	54		871		
22	17004	Brown, A.J.	NE	WR	23.71	7	66		871		
23	18836	Collins, Nico	HOU	WR	24.82	13	54		871		
24	19437	Pickens, George	DAL	WR	25.11	13	54		871		
25	22930	Love, Jeremiyah	ARZ	RB	25.69	5	60		871		
26	16074	Allen, Josh	BUF	QB	28.06	1	60		871		
27	20287	Rice, Rashee	KC	WR	28.37	11	70		871		
28	19432	Olave, Chris	NO	WR	29.35	13	64		871		
29	19450	Williams, Kyren	LA	RB	32.93	17	61		871		
30	19427	Hall, Breece	NYJ	RB	33.01	3	67		871		
31	21122	Nabers, Malik	NYG	WR	33.42	11	82		871		
32	18778	Smith, DeVonta	PHI	WR	35.35	15	89		871		
33	18771	Williams, Javonte	DAL	RB	35.79	16	66		871		
34	22059	McMillan, Tetairoa	CAR	WR	36.67	23	68		871		
35	20288	Flowers, Zay	BAL	WR	36.68	18	82		871		
36	16998	Jacobs, Josh	GB	RB	37.38	18	69		871		
37	17971	Higgins, Tee	CIN	WR	37.76	22	71		871		
38	22063	Egbuka, Emeka	TB	WR	38.25	13	83		871		
39	19431	Wilson, Garrett	NYJ	WR	38.85	24	74		871		
40	18770	Etienne Jr., Travis	NO	RB	39.95	17	73		871		
41	21139	McConkey, Ladd	LAC	WR	40.66	14	82		871		
42	22060	Burden III, Luther	CHI	WR	45.27	25	83		871		
43	22075	Loveland, Colston	CHI	TE	45.92	24	83		871		
44	22077	Skattebo, Cam	NYG	RB	46.14	25	84		871		
45	18781	Waddle, Jaylen	DEN	WR	46.77	26	89		871		
46	17062	McLaurin, Terry	WAS	WR	49.73	28	90		871		
47	22072	Henderson, TreVeyon	NE	RB	50.75	22	88		871		
48	17016	Montgomery, David	HOU	RB	51.56	25	128		871		
49	19435	Williams, Jameson	DET	WR	51.69	31	92		871		
50	12729	Adams, Davante	LA	WR	51.79	29	91		871		
51	21136	Irving, Bucky	TB	RB	53.42	19	91		871		
52	22062	Judkins, Quinshon	CLE	RB	53.64	29	83		871		
53	17961	Swift, D'Andre	CHI	RB	54.61	32	93		871		
54	17968	Burrow, Joe	CIN	QB	54.86	2	93		871		
55	16081	Jackson, Lamar	BAL	QB	54.88	2	109		871		
56	19445	Watson, Christian	GB	WR	55.44	26	96		871		
57	12686	Evans, Mike	SF	WR	55.82	30	93		871		
58	21125	Maye, Drake	NE	QB	56.46	3	103		871		
59	20335	Odunze, Rome	CHI	WR	58.92	34	93		871		
60	16134	Moore, DJ	BUF	WR	59.53	34	140		871		
61	22067	Warren, Tyler	IND	TE	60.61	23	103		871		
62	22106	Tuten, Bhayshul	JAX	RB	62.31	28	138		871		
63	22929	Tate, Carnell	TEN	WR	64.21	37	107		871		
64	21121	Harrison Jr., Marvin	ARZ	WR	69.36	39	107		871		
65	21126	Daniels, Jayden	WAS	QB	71.47	6	137		871		
66	21131	Thomas Jr., Brian	JAX	WR	71.66	39	120		871		
67	22938	Price, Jadarian	SEA	RB	71.98	37	167		870		
68	19833	Warren, Jaylen	PIT	RB	72.12	46	115		871		
69	17002	Metcalf, DK	PIT	WR	73.24	51	108		871		
70	21124	Williams, Caleb	CHI	QB	73.87	7	131		871		
71	16066	Sutton, Courtland	DEN	WR	75.00	29	111		871		
72	20291	Washington, Parker	JAX	WR	75.83	36	141		871		
73	19463	Pierce, Alec	IND	WR	78.26	48	120		871		
74	17976	Herbert, Justin	LAC	QB	78.47	8	120		871		
75	18773	Hubbard, Chuba	CAR	RB	78.55	38	132		871		
76	17999	Hurts, Jalen	PHI	QB	78.73	8	138		871		
77	22111	Harvey, RJ	DEN	RB	80.08	29	122		871		
78	22931	Tyson, Jordyn	NO	WR	80.35	49	134		871		
79	18779	Lawrence, Trevor	JAX	QB	82.24	10	141		871		
80	17067	Pollard, Tony	TEN	RB	82.41	48	144		871		
81	18791	Stevenson, Rhamondre	NE	RB	83.02	46	119		871		
82	14553	Prescott, Dak	DAL	QB	83.11	8	144		871		
83	20312	Kraft, Tucker	GB	TE	84.00	48	123		871		
84	22095	Fannin Jr., Harold	CLE	TE	85.52	53	128		871		
85	18789	Pitts Sr., Kyle	ATL	TE	86.50	32	131		871		
86	20340	Wilson, Michael	ARZ	WR	86.75	37	129		871		
87	20276	Johnston, Quentin	LAC	WR	88.85	47	131		871		
88	17995	Pittman Jr., Michael	PIT	WR	89.63	49	125		871		
89	18036	Dowdle, Rico	PIT	RB	92.36	60	130		871		
90	22087	Dart, Jaxson	NYG	QB	93.42	4	169		871		
91	7697	Stafford, Matthew	LA	QB	93.82	13	154		871		
92	22119	Monangai, Kyle	CHI	RB	93.88	53	136		871		
93	22932	Lemon, Makai	PHI	WR	94.12	59	152		871		
94	15316	Godwin Jr., Chris	TB	WR	94.18	56	140		871		
95	18772	Gainwell, Kenny	TB	RB	94.92	38	142		871		
96	20339	LaPorta, Sam	DET	TE	96.86	60	130		871		
97	19742	Purdy, Brock	SF	QB	96.92	17	160		871		
98	20278	Corum, Blake	LA	RB	97.93	65	153		871		
99	17061	Meyers, Jakobi	JAX	WR	98.29	64	136		871		
100	19460	Robinson, Wan'Dale	TEN	WR	100.52	60	138		871		
101	17963	Dobbins, J.K.	DEN	RB	101.35	55	173		869		
102	14748	Goff, Jared	DET	QB	101.63	17	165		871		
103	15234	Mahomes, Patrick	KC	QB	102.23	21	173		871		
104	20299	Nix, Bo	DEN	QB	105.10	19	173		871		
105	20274	Addison, Jordan	MIN	WR	106.13	68	154		871		
106	20283	Downs, Josh	IND	WR	106.14	61	179		871		
107	21133	Brooks, Jonathon	CAR	RB	107.20	55	213		861		
108	20311	Reed, Jayden	GB	WR	108.18	68	169		871		
109	19436	White, Rachaad	WAS	RB	109.39	63	220		864		
110	16069	Mayfield, Baker	TB	QB	115.22	32	185		871		
111	19872	Mason, Jordan	MIN	RB	116.24	80	176		866		
112	22114	Higgins, Jayden	HOU	WR	116.72	72	158		871		
113	22220	Shough, Tyler	NO	QB	117.33	27	199		870		
114	15360	Kittle, George	SF	TE	118.87	49	195		866		
115	19476	Ferguson, Jake	DAL	TE	119.24	75	161		871		
116	21128	Worthy, Xavier	KC	WR	119.51	61	176		869		
117	17009	Murray, Kyler	MIN	QB	119.95	20	215		868		
118	17997	Love, Jordan	GB	QB	120.20	30	216		870		
119	19455	Doubs, Romeo	NE	WR	121.35	67	174		871		
120	22085	Golden, Matthew	GB	WR	122.01	66	183		868		
121	11842	Kelce, Travis	KC	TE	122.52	63	172		870		
122	20300	Kincaid, Dalton	BUF	TE	123.73	78	167		869		
123	19462	Shakir, Khalil	BUF	WR	124.56	64	166		871		
124	21146	Pearsall, Ricky	SF	WR	124.58	61	342		741		
125	22130	Croskey-Merritt, Jacory	WAS	RB	125.03	73	171		853		
126	19464	Likely, Isaiah	NYG	TE	126.90	72	192		871		
127	16151	Goedert, Dallas	PHI	TE	130.16	72	166		870		
128	22933	Concepcion, KC	CLE	WR	130.51	77	208		862		
129	15392	Jones Sr., Aaron	MIN	RB	130.52	81	224		853		
130	21570	Coker, Jalen	CAR	WR	130.65	86	187		870		
131	21183	Tracy Jr., Tyrone	NYG	RB	134.28	96	176		845		
132	16075	Andrews, Mark	BAL	TE	136.28	97	173		864		
133	13671	Diggs, Stefon	WAS	WR	137.08	61	212		863		
134	19441	Allgeier, Tyler	ARZ	RB	139.24	68	234		853		
135	19934	Shaheed, Rashid	SEA	WR	142.28	87	197		867		
136	22101	Gadsden, Oronde	LAC	TE	142.53	78	220		850		
137	19458	Willis, Malik	MIA	QB	143.10	39	239		841		
138	22109	Marks, Woody	HOU	RB	143.58	49	209		838		
139	20308	Rodriguez Jr., Chris	JAX	RB	144.75	81	292		837		
140	16077	Darnold, Sam	SEA	QB	145.32	33	240		842		
141	4343	Texans, Houston	HOU	TDSP	146.31	89	185		871		
142	20280	Stroud, C.J.	HOU	QB	149.63	36	240		791		
143	22941	Coleman, Jonah	DEN	RB	151.81	81	209		832		
144	20310	Ward, Cam	TEN	QB	152.23	50	240		828		
145	18582	Johnson, Juwan	NO	TE	152.48	78	232		862		
146	20425	Strange, Brenton	JAX	TE	152.91	97	237		852		
147	20344	Mitchell, Keaton	LAC	RB	153.92	100	236		831		
148	19469	Charbonnet, Zach	SEA	RB	155.28	50	301		832		
149	1996	Rams, Los Angeles (LAR)	LA	TDSP	156.98	98	197		871		
150	21153	McMillan, Jalen	TB	WR	157.45	94	238		837		
151	22934	Boston, Denzel	CLE	WR	158.22	82	284		842		
152	17008	Jones, Daniel	IND	QB	159.23	40	278		795		
153	18033	Jennings, Jauan	MIN	WR	159.60	94	242		851		
154	22099	Sampson, Dylan	CLE	RB	159.75	100	224		829		
155	19633	Okonkwo, Chig	WAS	TE	160.45	116	292		844		
156	1989	Seahawks, Seattle	SEA	TDSP	161.92	100	211		871		
157	20329	Spears, Tyjae	TEN	RB	163.65	97	220		831		
158	14968	Henry, Hunter	NE	TE	164.90	120	238		844		
159	19486	Pacheco, Isiah	DET	RB	164.91	94	282		834		
160	17019	Samuel Sr., Deebo	SF	WR	165.16	84	289		856		
161	1863	Broncos, Denver	DEN	TDSP	166.05	102	211		871		
162	20357	Tucker, Tre	LV	WR	168.01	111	246		853		
163	22939	Johnson, Emmett	KC	RB	168.45	93	299		829		
164	22935	Sadiq, Kenyon	NYJ	TE	168.72	97	239		831		
165	19715	Nailor, Jalen	LV	WR	169.39	99	336		843		
166	22948	Cooper Jr., Omar	NYJ	WR	172.94	113	302		831		
167	22074	Harris, Tre'	LAC	WR	177.10	111	277		834		
168	15293	Kamara, Alvin	NO	RB	177.11	106	270		831		
169	20281	Young, Bryce	CAR	QB	177.50	49	249		645		
170	17964	Jeudy, Jerry	CLE	WR	180.99	119	268		837		
171	17014	Hockenson, T.J.	MIN	TE	183.21	121	251		810		
172	19468	Robinson, Brian	ATL	RB	184.12	47	271		826		
173	16255	Schultz, Dalton	HOU	TE	184.31	93	240		792		
174	20279	Bigsby, Tank	PHI	RB	184.34	121	282		822		
175	1926	Patriots, New England	NE	TDSP	187.06	126	263		870		
176	22134	TeSlaa, Isaac	DET	WR	187.08	111	261		823		
177	14802	Brissett, Jacoby	ARZ	QB	188.28	48	274		649		
178	1961	Eagles, Philadelphia	PHI	TDSP	188.30	121	236		871		
179	22955	Washington Jr., Mike	LV	RB	189.04	100	332		812		
180	1898	Jaguars, Jacksonville	JAX	TDSP	193.48	139	237		869		
181	1919	Vikings, Minnesota	MIN	TDSP	194.51	131	240		860		
182	21355	Flournoy, Ryan	DAL	WR	194.94	117	309		771		
183	1968	Steelers, Pittsburgh	PIT	TDSP	195.42	128	238		863		
184	22058	Hunter, Travis	JAX	WR	195.58	84	305		818		
185	2964	Cowboys, Dallas	DAL	TK	196.60	86	175		513		
186	21315	Barner, AJ	SEA	TE	198.36	140	240		785		
187	22956	Williams, Antonio	WAS	WR	198.46	109	356		754		
188	21169	Vidal, Kimani	LAC	RB	199.46	121	298		798		
189	21154	Washington, Malik	MIA	WR	199.78	109	317		800		
190	1975	Chargers, Los Angeles (LAC)	LAC	TDSP	200.11	131	233		857		
191	21129	Mitchell, Adonai	NYJ	WR	200.27	123	322		810		
192	22943	Singleton, Nicholas	TEN	RB	203.68	80	275		792		
193	22928	Mendoza, Fernando	LV	QB	203.71	58	300		590		
194	22940	Allen, Kaytron	WAS	RB	203.77	98	296		776		
195	5712	Rodgers, Aaron	PIT	QB	204.33	44	317		606		
196	1807	Ravens, Baltimore	BAL	TDSP	205.60	142	246		847		
197	11818	Smith, Geno	NYJ	QB	205.73	58	333		589		
198	21001	Wilson, Emanuel	SEA	RB	208.48	93	347		726		
199	20326	Boutte, Kayshon	NE	WR	211.53	109	343		782		
200	20285	Tucker, Sean	TB	RB	212.52	134	301		762		
201	21132	Allen, Braelon	NYJ	RB	213.11	126	282		768		
202	4345	Texans, Houston	HOU	TK	213.21	80	223		513		
203	22123	Helm, Gunnar	TEN	TE	215.67	128	289		706		
204	21151	Davis, Ray	BUF	RB	215.76	142	304		717		
205	15306	Conner, James	ARZ	RB	217.25	88	359		712		
206	19477	Dulcich, Greg	MIA	TE	217.99	116	348		708		
207	2871	Browns, Cleveland	CLE	TDSP	218.43	133	276		696		
208	22092	Blue, Jaydon	DAL	RB	220.82	123	329		675		
209	17983	Aiyuk, Brandon	SF	WR	221.03	109	355		640		
210	1842	Bears, Chicago	CHI	TDSP	221.64	135	256		746		
211	23066	Stribling, De'Zhaun	SF	WR	222.69	102	338		618		
212	21127	Franklin, Troy	DEN	WR	223.16	88	312		673		
213	17975	Tagovailoa, Tua	ATL	QB	223.74	58	326		526		
214	2982	Seahawks, Seattle	SEA	TK	223.75	108	244		513		
215	21144	Lloyd, MarShawn	GB	RB	224.65	101	358		593		
216	2980	Chargers, Los Angeles (LAC)	LAC	TK	225.02	120	238		513		
217	2969	Jaguars, Jacksonville	JAX	TK	225.68	118	248		513		
218	19632	Otton, Cade	TB	TE	227.40	136	278		608		
219	22206	Ferguson, Terrance	LA	TE	228.17	128	298		628		
220	22951	Branch, Zachariah	ATL	WR	228.65	131	359		618		
221	1877	Packers, Green Bay	GB	TDSP	229.54	157	289		680		
222	16065	Ridley, Calvin	TEN	WR	229.58	145	319		644		
223	20323	Dell, Tank	HOU	WR	229.69	105	320		668		
224	22944	Claiborne, Demond	MIN	RB	230.00	121	344		571		
225	18018	Parkinson, Colby	LA	TE	230.40	145	307		600		
226	18792	Freiermuth, Pat	PIT	TE	232.68	166	283		584		
227	18169	Mooney, Darnell	NYG	WR	232.78	134	338		663		
228	1870	Lions, Detroit	DET	TDSP	232.96	164	273		701		
229	1828	Bills, Buffalo	BUF	TDSP	233.05	146	268		654		
230	1814	Falcons, Atlanta	ATL	TDSP	233.67	146	302		647		
231	20314	Wicks, Dontayvion	PHI	WR	234.33	133	352		654		
232	23064	Black, Kaelon	SF	RB	235.50	67	340		553		
233	1905	Chiefs, Kansas City	KC	TDSP	235.63	160	277		652		
234	1933	Saints, New Orleans	NO	TDSP	236.73	162	272		642		
235	22097	James, Jordan	SF	RB	237.88	139	343		617		
236	15227	Njoku, David	LAC	TE	239.28	128	301		571		
237	19960	Tonges, Jake	SF	TE	239.62	141	332		602		
238	1940	Giants, New York (NYG)	NYG	TDSP	239.62	146	308		615		
239	2981	49ers, San Francisco	SF	TK	240.84	145	270		506		
240	21709	Holani, George	SEA	RB	241.82	109	358		547		
241	16132	Kirk, Christian	SF	WR	241.99	134	343		561		
242	15283	Kupp, Cooper	SEA	WR	242.42	136	330		618		
243	2972	Vikings, Minnesota	MIN	TK	242.87	143	268		483		
244	2983	Rams, Los Angeles (LAR)	LA	TK	243.43	138	284		504		
245	21160	Wright, Jaylen	MIA	RB	244.20	147	308		507		
246	1982	49ers, San Francisco	SF	TDSP	245.29	173	324		583		
247	14725	Hill, Tyreek	MIA	WR	247.46	95	360		507		
248	22952	Fields, Malachi	NYG	WR	247.46	145	355		605		
249	1891	Colts, Indianapolis	IND	TDSP	247.66	166	309		562		
250	1856	Cowboys, Dallas	DAL	TDSP	250.36	186	312		525		
251	2966	Lions, Detroit	DET	TK	251.28	145	284		428		
252	1835	Panthers, Carolina	CAR	TDSP	252.29	160	313		495		
253	2984	Buccaneers, Tampa Bay	TB	TK	252.83	152	286		429		
254	17020	Hill, Justice	BAL	RB	254.20	163	359		486		
255	20298	Penix Jr., Michael	ATL	QB	254.79	95	354		334		
256	2003	Buccaneers, Tampa Bay	TB	TDSP	255.30	161	294		449		
257	10974	Cousins, Kirk	LV	QB	255.51	86	355		342		
258	22947	Bernard, Germie	PIT	WR	255.94	155	353		493		
259	22942	Stowers, Eli	PHI	TE	256.90	157	339		411		
260	2968	Colts, Indianapolis	IND	TK	258.20	147	297		366		
261	22269	Dike, Chimere	TEN	WR	258.31	119	358		383		
262	2973	Patriots, New England	NE	TK	258.61	159	316		433		
263	2979	Steelers, Pittsburgh	PIT	TK	258.88	145	290		350		
264	22056	Sanders, Shedeur	CLE	QB	259.42	88	345		320		
265	15231	Watson, Deshaun	CLE	QB	259.51	92	360		336		
266	2958	Ravens, Baltimore	BAL	TK	260.87	150	305		373		
267	15238	Engram, Evan	DEN	TE	260.93	175	339		393		
268	1884	Titans, Tennessee	TEN	TDSP	261.49	198	359		385		
269	18785	Bateman, Rashod	BAL	WR	261.59	162	356		412		
270	2962	Bengals, Cincinnati	CIN	TK	262.71	145	317		347		
271	2961	Bears, Chicago	CHI	TK	262.88	158	299		322		
272	22115	Bryant, Pat	DEN	WR	263.54	146	359		402		
273	20719	Demercado, Emari	KC	RB	264.69	148	360		434		
274	21130	Coleman, Keon	BUF	WR	264.84	162	339		413		
275	22967	Hurst III, Ted	TB	WR	265.44	157	360		388		
276	23165	Allen, Cyrus	KC	WR	265.76	113	356		148		
277	21135	Benson, Trey	ARZ	RB	265.85	98	360		345		
278	22946	Bell, Chris	MIA	WR	265.85	149	358		375		
279	2970	Chiefs, Kansas City	KC	TK	265.91	154	318		293		
280	2965	Broncos, Denver	DEN	TK	266.64	130	304		294		
281	11857	Allen, Keenan	LAC	WR	266.90	121	360		396		
282	21171	Horton, Tory	SEA	WR	267.39	172	353		421		
283	1954	Raiders, Las Vegas	LV	TDSP	268.12	151	347		301		
284	22116	Noel, Jaylin	HOU	WR	268.29	169	359		364		
285	22091	Ayomanor, Elic	TEN	WR	269.07	129	356		326		
286	17007	Brown, Hollywood	PHI	WR	269.52	154	358		347		
287	1849	Bengals, Cincinnati	CIN	TDSP	269.54	166	340		250		
288	21181	Johnson, Theo	NYG	TE	270.14	157	359		301		
289	16149	Gesicki, Mike	CIN	TE	270.89	188	339		314		
290	22120	Taylor, Mason	NYJ	TE	271.08	154	357		296		
291	22090	Allen Jr., LeQuint	JAX	RB	271.17	177	359		334		
292	2974	Saints, New Orleans	NO	TK	271.39	160	321		275		
293	21161	Davis, Isaiah	NYJ	RB	271.75	179	351		306		
294	2957	Falcons, Atlanta	ATL	TK	271.80	163	318		243		
295	20954	Brooks, Chris	GB	RB	272.44	160	359		298		
296	2010	Commanders, Washington	WAS	TDSP	272.90	210	353		244		
297	18000	Okwuegbunam Jr., Albert	LV	TE	272.91	193	193		1		
298	22182	Gabriel, Dillon	CLE	QB	272.92	199	199		1		
299	20277	Hyatt, Jalin	NYG	WR	272.93	216	216		1		
300	23234	Taylor, J'Mari	JAX	RB	272.94	220	220		1		
301	15223	Trubisky, Mitchell	TEN	QB	273.00	232	318		2		
302	15441	McNichols, Jeremy	WAS	RB	273.02	292	292		1		
303	22064	Milroe, Jalen	SEA	QB	273.03	231	338		2		
304	17996	Dillon, AJ	CAR	RB	273.04	284	299		2		
305	17988	Hodgins, Isaiah	NYG	WR	273.04	312	312		1		
306	19101	Wright, Brock	DET	TE	273.06	325	325		1		
307	17039	Sanders, Miles	DAL	RB	273.07	330	330		1		
308	22536	Carter, Nathan	ATL	RB	273.07	335	335		1		
309	16153	Smythe, Durham	BAL	TE	273.07	338	338		1		
310	22962	Montgomery, Myles	NE	RB	273.08	340	340		1		
311	15467	Patrick, Tim	NYJ	WR	273.08	342	342		1		
312	20295	Levis, Will	TEN	QB	273.08	342	342		1		
313	19473	Badie, Tyler	DEN	RB	273.08	343	343		1		
314	14911	Wentz, Carson	MIN	QB	273.08	346	346		1		
315	17989	Duvernay, Devin	ARZ	WR	273.08	346	346		1		
316	15357	Dobbs, Joshua	DET	QB	273.09	350	350		1		
317	20614	Whyle, Josh	GB	TE	273.09	351	351		1		
318	22966	Nussmeier, Garrett	KC	QB	273.09	351	351		1		
319	20332	Mingo, Jonathan	DAL	WR	273.09	352	352		1		
320	22809	Cooper, Darius	PHI	WR	273.09	353	353		1		
321	19578	Ruckert, Jeremy	NYJ	TE	273.09	354	354		1		
322	13794	Mostert, Raheem	LV	RB	273.09	355	355		1		
323	20659	Tinsley, Mitch	CIN	WR	273.10	356	356		1		
324	23249	King, Haynes	CAR	QB	273.10	358	358		1		
325	17082	Oliver, Josh	MIN	TE	273.10	359	359		1		
326	22081	Smith, Arian	NYJ	WR	273.10	360	360		1		
327	22506	Wease Jr., Theo	MIA	WR	273.13	235	355		3		
328	16080	Rudolph, Mason	PIT	QB	273.13	329	332		2		
329	16379	Conklin, Tyler	DET	TE	273.13	322	341		2		
330	19465	Moore, Skyy	GB	WR	273.14	319	348		2		
331	22953	Henry Jr., Robert	WAS	RB	273.15	240	355		4		
332	19479	Strong Jr., Pierre	GB	RB	273.15	325	354		2		
333	22267	Watkins, Jordan	SF	WR	273.17	343	352		2		
334	19449	Howell, Sam	DAL	QB	273.17	338	358		2		
335	18830	Herbert, Khalil	SF	RB	273.18	282	359		3		
336	22084	Leonard, Riley	IND	QB	273.18	350	351		2		
337	23014	Roush, Sam	CHI	TE	273.18	345	357		2		
338	20780	Bobo, Jake	SEA	WR	273.18	346	358		2		
339	19406	Ghost, 	FA	TDSP	273.18	350	355		2		
340	22963	Trigg, Michael	DAL	TE	273.18	350	357		2		
341	20334	Johnson, Roschon	CHI	RB	273.19	321	334		3		
342	11911	Juszczyk, Kyle	SF	RB	273.19	353	355		2		
343	21166	Gore Jr., Frank	BUF	RB	273.19	354	354		2		
344	14374	Hooper, Austin	ATL	TE	273.19	353	360		2		
345	20265	Kicker, Butt	FA	TK	273.20	359	359		2		
346	21297	Vaki, Sione	DET	RB	273.21	229	351		4		
347	23104	Klubnik, Cade	NYJ	QB	273.23	232	359		5		
348	12712	Carr, Derek	NO	QB	273.23	281	338		5		
349	20297	McKee, Tanner	PHI	QB	273.26	341	354		3		
350	22623	Larison, Lan	NE	RB	273.26	340	359		3		
351	12738	Garoppolo, Jimmy	LA	QB	273.27	338	360		3		
352	22086	Evans, Mitchell	CAR	TE	273.27	342	358		3		
353	22334	Mumpfield, Konata	LA	WR	273.28	231	359		6		
354	22079	Ott, Jayden	FA	RB	273.28	347	359		3		
355	22336	Lambert-Smith, KeAndre	LAC	WR	273.28	352	359		3		
356	19402	Holder, Jeff	FA	TK	273.29	288	358		4		
357	20790	Saylors, Jacob	DET	RB	273.29	355	358		3		
358	22291	Horn Jr., Jimmy	CAR	WR	273.30	327	352		4		
359	21729	Williams, Isaiah	NYJ	WR	273.30	358	360		3		
360	22746	Walker, Jahdae	CHI	WR	273.32	239	357		5		
361	22272	Lane, Jaylin	WAS	WR	273.34	304	356		5		
362	16067	Chubb, Nick	HOU	RB	273.36	237	358		6		
363	22488	Sanders, Raheim	CLE	RB	273.40	272	359		7		
364	20286	McIntosh, Kenny	SEA	RB	273.42	302	352		6		
365	22950	Daniels, CJ	LA	WR	273.43	205	360		11		
366	17366	Dulin, Ashton	IND	WR	273.43	222	358		10		
367	23189	Miller, Jam	NE	RB	273.44	330	360		5		
368	18786	Brown, Dyami	WAS	WR	273.52	340	359		6		
369	17012	Lock, Drew	SEA	QB	273.54	315	358		7		
370	22078	Burks, Deion	IND	WR	273.58	175	360		17		
371	19442	Pickett, Kenny	CAR	QB	273.61	239	360		8		
372	22214	Felton, Tai	MIN	WR	273.61	330	359		7		
373	19451	Knight, Bam	ARZ	RB	273.62	337	358		7		
374	21005	McLaughlin, Jaleel	DEN	RB	273.64	302	357		9		
375	15261	Mixon, Joe	HOU	RB	273.65	92	357		55		
376	22083	Martinez, Damien	GB	RB	273.67	271	358		10		
377	21156	Cowing, Jacob	SF	WR	273.69	290	360		10		
378	20303	Musgrave, Luke	GB	TE	273.70	189	360		14		
379	21413	Rattler, Spencer	NO	QB	273.71	331	360		8		
380	17021	Fant, Noah	NO	TE	273.71	325	360		8		
381	22673	Chism III, Efton	NE	WR	273.73	348	357		8		
382	20346	Higgins, Elijah	ARZ	TE	273.75	290	356		10		
383	20305	Hutchinson, Xavier	HOU	WR	273.80	316	360		9		
384	21141	Shipley, Will	PHI	RB	273.82	208	360		12		
385	22126	Thornton Jr., Dont'e	LV	WR	273.85	313	360		10		
386	15938	Hill, Taysom	NO	TE	273.88	297	355		12		
387	19454	Metchie III, John	CAR	WR	273.89	219	360		19		
388	22070	Ewers, Quinn	MIA	QB	273.93	347	359		10		
389	21163	Jordan, Jawhar	HOU	RB	273.95	240	360		14		
390	23176	Coleman Jr., Kevin	MIA	WR	273.96	167	360		32		
391	12688	Beckham Jr., Odell	NYG	WR	274.01	162	360		22		
392	21389	Whittington, Jordan	LA	WR	274.01	211	359		15		
393	15362	Perine, Samaje	CIN	RB	274.03	166	360		325		
394	17057	Dortch, Greg	DET	WR	274.03	255	360		14		
395	21167	Ali, Rasheen	BAL	RB	274.05	228	359		16		
396	9994	Dalton, Andy	PHI	QB	274.06	263	359		14		
397	12708	Bridgewater, Teddy	DET	QB	274.08	344	356		12		
398	2959	Bills, Buffalo	BUF	TK	274.12	167	324		238		
399	18799	Lance, Trey	LAC	QB	274.12	237	360		16		
400	17025	Minshew II, Gardner	ARZ	QB	274.15	237	360		15		
401	15896	Ekeler, Austin	WAS	RB	274.18	216	358		16		
402	20304	Miller, Kendre	NO	RB	274.20	139	360		25		
403	21148	Wilson, Roman	PIT	WR	274.26	292	358		17		
404	18828	Carter, Michael	TEN	RB	274.28	234	360		19		
405	22960	Randall, Adam	BAL	RB	274.35	175	358		319		
406	1912	Dolphins, Miami	MIA	TDSP	274.41	198	359		230		
407	22376	Howard, Will	PIT	QB	274.44	157	360		26		
408	23172	Benson, Malik	LV	WR	274.45	214	360		30		
409	10144	Taylor, Tyrod	GB	QB	274.46	304	359		18		
410	22073	Williams, Savion	GB	WR	274.48	306	359		18		
411	19453	Tolbert, Jalen	MIA	WR	274.51	182	360		347		
412	20845	DeVito, Tommy	NE	QB	274.52	286	360		19		
413	18922	Mills, Davis	HOU	QB	274.60	236	360		24		
414	17022	Stidham, Jarrett	DEN	QB	274.60	292	359		21		
415	15542	Mullens, Nick	JAX	QB	274.62	325	360		19		
416	17450	Browning, Jake	TB	QB	274.63	237	358		21		
417	19625	Bellinger, Daniel	TEN	TE	274.63	295	357		20		
418	14714	Robinson, Demarcus	SF	WR	274.66	200	360		31		
419	22107	Royals, Jalen	KC	WR	274.67	207	360		27		
420	19482	Kolar, Charlie	LAC	TE	274.68	219	359		24		
421	16562	Allen, Kyle	BUF	QB	274.72	270	360		21		
422	18807	Tremble, Tommy	CAR	TE	274.75	315	358		21		
423	13738	Waller, Darren	MIA	TE	274.79	232	358		29		
424	20247	Turpin, KaVontae	DAL	WR	274.91	230	360		26		
425	14572	Raymond, Kalif	CHI	WR	274.94	239	358		26		
426	18719	Westbrook-Ikhine, Nick	IND	WR	274.97	236	359		28		
427	23080	Young, Colbie	CIN	WR	275.01	310	360		24		
428	22305	Mafah, Phil	DAL	RB	275.02	211	360		36		
429	18800	Jones, Mac	SF	QB	275.07	125	360		256		
430	2985	Titans, Tennessee	TEN	TK	275.07	229	334		241		
431	20290	Tillman, Cedric	CLE	WR	275.09	226	359		29		
432	21164	Sinnott, Ben	WAS	TE	275.14	231	359		31		
433	11816	Ertz, Zach	WAS	TE	275.39	236	360		33		
434	20100	Davis, Malik	DAL	RB	275.40	173	360		284		
435	2967	Packers, Green Bay	GB	TK	275.59	168	344		228		
436	21408	Milton III, Joe	DAL	QB	275.65	270	360		34		
437	22124	Hunter, Jarquez	LA	RB	275.69	206	360		50		
438	21295	All Jr., Erick	CIN	TE	275.83	257	360		38		
439	21178	Guerendo, Isaac	SF	RB	275.85	227	360		44		
440	22094	Etienne, Trevor	CAR	RB	275.85	303	360		38		
441	2978	Eagles, Philadelphia	PHI	TK	275.89	164	334		227		
442	19429	Burks, Treylon	WAS	WR	275.98	230	360		42		
443	17046	Johnson, Ty	BUF	RB	276.00	186	357		275		
444	22112	Bech, Jack	LV	WR	276.02	169	360		297		
445	21134	Estime, Audric	NO	RB	276.28	252	360		51		
446	21138	Walker, Devontez	BAL	WR	276.29	216	360		58		
447	22071	Gordon II, Ollie	MIA	RB	276.41	181	353		283		
448	1947	Jets, New York (NYJ)	NYJ	TDSP	276.47	196	360		227		
449	23003	Beck, Carson	ARZ	QB	276.48	106	359		223		
450	21168	McCaffrey, Luke	WAS	WR	276.50	217	360		56		
451	18862	Palmer, Joshua	BUF	WR	276.59	217	360		50		
452	23013	Thomas, Zavion	CHI	WR	276.64	112	360		51		
453	23097	Thompson, Brenen	LAC	WR	276.68	198	360		57		
454	19491	Thornton, Tyquan	KC	WR	276.90	147	360		298		
455	22968	Heidenreich, Eli	PIT	RB	276.96	207	360		73		
456	23050	Raridon, Eli	NE	TE	276.96	179	360		62		
457	22945	McGowan, Seth	IND	RB	277.08	173	360		221		
458	18624	Huntley, Tyler	BAL	QB	277.13	209	360		59		
459	23141	Joly, Justin	DEN	TE	277.14	297	360		53		
460	23043	Douglas, Caleb	MIA	WR	277.17	172	360		250		
461	15281	Hunt, Kareem	KC	RB	277.18	152	360		88		
462	20814	Bagent, Tyson	CHI	QB	277.22	313	360		52		
463	21357	Vele, Devaughn	NO	WR	277.27	145	360		302		
464	19443	Ford, Jerome	WAS	RB	277.29	212	360		62		
465	22958	Klare, Max	LA	TE	277.52	232	360		65		
466	22969	Lance, Bryce	NO	WR	277.55	178	360		96		
467	22959	Lane, Ja'Kobi	BAL	WR	277.58	133	360		222		
468	2976	Giants, New York (NYG)	NYG	TK	277.90	231	343		224		
469	19480	Austin III, Calvin	NYG	WR	277.93	237	360		64		
470	21150	McCarthy, J.J.	MIN	QB	278.27	121	360		230		
471	22954	Brazzell II, Chris	CAR	WR	278.38	178	360		225		
472	2956	Cardinals, Arizona	ARZ	TK	278.56	239	350		224		
473	15319	Smith, Jonnu	PIT	TE	278.58	307	360		72		
474	22096	Giddens, DJ	IND	RB	278.71	168	360		251		
475	2977	Raiders, Las Vegas	LV	TK	278.72	206	359		228		
476	22936	Simpson, Ty	LA	QB	279.18	152	360		112		
477	1821	Cardinals, Arizona	ARZ	TDSP	279.25	211	360		207		
478	2986	Commanders, Washington	WAS	TK	279.38	229	358		221		
479	20294	Richardson Sr., Anthony	IND	QB	279.38	230	360		88		
480	20341	Douglas, DeMario	NE	WR	279.45	208	360		94		
481	20337	Iosivas, Andrei	CIN	WR	279.72	162	358		260		
482	18802	Atwell, Tutu	MIA	WR	280.04	202	360		93		
483	18783	Fields, Justin	KC	QB	280.08	107	360		231		
484	22949	Sarratt, Elijah	BAL	WR	280.10	158	359		285		
485	22128	Williams, Kyle	NE	WR	280.15	184	360		189		
486	22957	Bell, Skyler	BUF	WR	280.56	177	360		262		
487	22970	Delp, Oscar	NO	TE	280.64	203	360		119		
488	18826	Harris, Najee	LAC	RB	280.70	184	360		171		
489	22300	Brooks, Tahj	CIN	RB	280.72	193	360		125		
490	2971	Dolphins, Miami	MIA	TK	280.75	166	359		217		
491	22104	Neal, Devin	NO	RB	281.00	200	360		157		
492	2960	Panthers, Carolina	CAR	TK	281.03	254	358		217		
493	13529	Winston, Jameis	NYG	QB	281.16	201	360		151		
494	20301	Washington, Darnell	PIT	TE	281.35	184	360		236		
495	13530	Mariota, Marcus	WAS	QB	281.44	160	360		134		
496	22108	Johnson, Tez	TB	WR	281.49	197	360		149		
497	22061	Bond, Isaiah	CLE	WR	281.66	165	360		139		
498	19452	Dotson, Jahan	ATL	WR	281.90	193	360		240		
499	15355	Hollins, Mack	NE	WR	282.01	148	360		158		
500	17088	Knox, Dawson	BUF	TE	282.03	179	358		231		
501	2975	Jets, New York (NYJ)	NYJ	TK	282.15	235	359		212		
502	22098	Johnson, Kaleb	PIT	RB	282.18	169	360		160		
503	20282	Mayer, Michael	LV	TE	282.20	215	360		246		
504	14743	Higbee, Tyler	LA	TE	282.36	232	360		138		
505	2963	Browns, Cleveland	CLE	TK	282.55	229	359		200		
506	22117	Smith, Brashard	KC	RB	282.56	183	360		219		
507	7090	Flacco, Joe	CIN	QB	282.65	149	360		204		
508	17170	Zaccheaus, Olamide	ATL	WR	282.68	205	360		135		
509	21143	Sanders, Ja'Tavion	CAR	TE	282.73	228	360		154		
510	15671	Bourne, Kendrick	ARZ	WR	282.81	239	360		129		
511	19128	Gray, Noah	KC	TE	284.16	229	360		154		
512	20293	Mims Jr., Marvin	DEN	WR	284.28	182	360		201		
513	17034	Singletary, Devin	NYG	RB	284.28	207	360		190		
514	18010	Kmet, Cole	CHI	TE	284.42	201	360		202		
515	22121	Arroyo, Elijah	SEA	TE	284.76	217	359		210		
516	17512	Slayton, Darius	NYG	WR	285.04	154	360		219		
517	21137	Legette, Xavier	CAR	WR	285.52	197	360		224		
