Rank,Name,Team,Position,Proj Points,ADP,% Owned,% Started,Injury Status,Pass Yds,Pass TD,INT,Sacks,Rush Yds,Rush TD,Rush Att,Rec Yds,Rec TD,Rec,Fum Lost,2PT,FG Made,XP Made
1,Jahmyr Gibbs,DET,RB,364.86,1.4,99.91,99.73,ACTIVE,,,,,1372.6,14.45,274,545.91,3.38,67.79,1.26,,,
2,Bijan Robinson,ATL,RB,352.77,2.43,99.89,99.66,ACTIVE,,,,,1372.37,8.43,274,707.64,3.38,75.77,1.6,,,
3,Ja'Marr Chase,CIN,WR,337.5,4.08,99.89,99.31,QUESTIONABLE,,,,,20.92,0.14,4,1508.69,10.8,119.7,0.94,,,
4,Puka Nacua,LAR,WR,356.29,5.23,99.89,99.09,QUESTIONABLE,,,,,105.68,1.18,21,1590.34,9.72,122.87,0.96,,,
5,Jonathan Taylor,IND,RB,316.51,7.19,99.85,99.33,ACTIVE,,,,,1499.77,11.59,299,390.38,1.46,50.68,1.46,,,
6,Jaxon Smith-Njigba,SEA,WR,326.74,5.84,99.89,99.6,ACTIVE,,,,,25.17,0.17,5,1569.06,8.54,116.73,1.16,,,
7,Christian McCaffrey,SF,RB,342.8,7.42,99.87,98.95,QUESTIONABLE,,,,,1130.93,9.16,226,681.54,4.75,79.07,1.2,,,
8,Amon-Ra St. Brown,DET,WR,323.95,8.25,99.89,99.59,ACTIVE,,,,,13.44,0.12,2,1425.63,10.39,118.1,0.82,,,
9,James Cook III,BUF,RB,279.62,11.71,99.85,97.1,ACTIVE,,,,,1401.17,10.99,280,302.06,1.61,35.92,1.79,,,
10,De'Von Achane,MIA,RB,293.39,11.98,99.81,98.98,ACTIVE,,,,,1308.48,5.03,261,511.13,2.95,64.73,0.96,,,
11,CeeDee Lamb,DAL,WR,293.69,10.97,99.87,99.36,ACTIVE,,,,,12.68,0.11,2,1375.83,8.58,103.41,0.66,,,
12,Justin Jefferson,MIN,WR,293.71,12.23,99.85,99.26,ACTIVE,,,,,10.63,0.1,2,1375.65,7.37,110.74,0.68,,,
13,Chase Brown,CIN,RB,272.08,20.44,99.25,93.75,ACTIVE,,,,,1038.35,7.39,207,434.89,2.85,64.28,1.16,,,
14,Omarion Hampton,LAC,RB,261.71,23.43,99.25,94.41,ACTIVE,,,,,1084.43,9.39,216,363.3,1.76,51.62,1.09,,,
15,Saquon Barkley,PHI,RB,273.61,15,99.81,98.31,ACTIVE,,,,,1285.41,8.69,257,371.13,2.31,43.21,1.02,,,
16,Derrick Henry,BAL,RB,274.74,18.08,99.74,97.11,ACTIVE,,,,,1483.53,13.14,296,210.33,1.2,21.38,1.47,,,
17,Drake London,ATL,WR,269.76,18.93,99.66,97.03,ACTIVE,,,,,,,,1249.65,7.27,102.1,0.91,,,
18,Ashton Jeanty,LV,RB,280.85,19.07,99.61,94.26,QUESTIONABLE,,,,,1127.71,7.08,225,495.81,2.02,65.23,1.22,,,
19,A.J. Brown,NE,WR,248.84,25.08,99.53,91.1,ACTIVE,,,,,,,,1215.95,7.01,85.75,0.57,,,
20,Trey McBride,ARI,TE,241.87,21.25,99.84,99.32,ACTIVE,,,,,,,,1023.24,5.34,107.81,0.47,,,
21,Jeremiyah Love,ARI,RB,278.47,23.82,99.26,93.05,QUESTIONABLE,,,,,1127.77,6.65,225,488.36,2.24,65.16,1.31,,,
22,Brock Bowers,LV,TE,240.94,24.25,99.83,99.41,ACTIVE,,,,,15.41,0.19,3,998.55,6.56,98.85,0.35,,,
23,Nico Collins,HOU,WR,248.26,26.48,99.55,95.32,ACTIVE,,,,,11.82,0.08,2,1203.46,6.69,86.53,0.67,,,
24,Chris Olave,NO,WR,250.44,30.63,98.91,89.56,ACTIVE,,,,,,,,1197.48,6.65,91.3,0.62,,,
25,Kenneth Walker III,KC,RB,274.19,23.04,99.44,91.78,QUESTIONABLE,,,,,1239.15,9.13,247,377.25,1.7,48.38,0.89,,,
26,Josh Allen,BUF,QB,369.69,21.31,99.88,97.52,ACTIVE,3946.32,26.27,2.1,11.57,579.9,12.45,115,,,,4.2,,,
27,Rashee Rice,KC,WR,260.5,24.04,99.38,94.44,ACTIVE,,,,,42.82,0.6,8,1085.13,8.8,92.65,1.11,,,
28,George Pickens,DAL,WR,238.61,30.04,99.62,92.69,ACTIVE,,,,,,,,1111.82,8.17,79.57,0.89,,,
29,Garrett Wilson,NYJ,WR,249.4,36.45,98.58,87.88,ACTIVE,,,,,10.79,0.09,2,1172.38,5.22,100.06,1.09,,,
30,Breece Hall,NYJ,RB,273.99,34.26,98.41,88.62,QUESTIONABLE,,,,,1164.49,7.57,232,439.27,2.73,52.13,1.39,,,
31,Josh Jacobs,GB,RB,259.1,37.84,98.57,86.03,QUESTIONABLE,,,,,1143.72,12.2,228,279.9,1.63,35.95,1.51,,,
32,Javonte Williams,DAL,RB,259.72,34.68,98.37,88.28,ACTIVE,,,,,1266.14,11.12,253,218.13,1.51,36.89,1.22,,,
33,Malik Nabers,NYG,WR,245.72,34,98.75,83.12,QUESTIONABLE,,,,,22.92,0.15,4,1135.21,7.27,86.12,0.75,,,
34,Kyren Williams,LAR,RB,232.11,39.98,97.91,83.73,ACTIVE,,,,,1071.2,10.18,214,223.87,1.64,33.4,1.09,,,
35,Tetairoa McMillan,CAR,WR,236.47,41.46,98.29,85.29,ACTIVE,,,,,,,,1184.99,5.87,83.6,0.81,,,
36,DeVonta Smith,PHI,WR,239.24,39.4,98.8,87.16,ACTIVE,,,,,,,,1129.82,6.05,90.53,0.57,,,
37,Zay Flowers,BAL,WR,238.78,41.93,98.31,84.39,QUESTIONABLE,,,,,57.39,0.45,11,1171.44,5.51,81.71,0.99,,,
38,Emeka Egbuka,TB,WR,229.04,47.14,97.47,79.84,QUESTIONABLE,,,,,11.88,0.1,2,1127.31,7.45,69.61,0.58,,,
39,Travis Etienne Jr.,NO,RB,246.13,43.22,97.05,81.92,ACTIVE,,,,,1142.03,6.17,228,385.45,2.11,44.79,0.99,,,
40,Ladd McConkey,LAC,WR,221.04,49.03,96.54,76.07,ACTIVE,,,,,,,,1039.37,6.31,79.62,0.57,,,
41,Quinshon Judkins,CLE,RB,227.43,52.97,95.3,72.03,ACTIVE,,,,,1248.86,7.35,249,222.85,0.73,32.13,0.7,,,
42,Colston Loveland,CHI,TE,205.92,44.34,99.4,96.3,ACTIVE,,,,,,,,897.39,6.01,80.18,0.44,,,
43,Tee Higgins,CIN,WR,219.34,53.86,96.27,71.44,ACTIVE,,,,,,,,956.04,8.43,73.25,0.44,,,
44,Davante Adams,LAR,WR,232.31,46.1,98.16,82.47,ACTIVE,,,,,,,,1016.46,10.6,67.5,0.37,,,
45,Jaylen Waddle,DEN,WR,213.28,54.87,95.48,63.89,ACTIVE,,,,,12.17,0.08,2,993.54,6.04,76.56,0.66,,,
46,Cam Skattebo,NYG,RB,227.15,44.65,98.24,82.72,ACTIVE,,,,,1007.01,6.83,201,332.02,1.47,44.88,1.12,,,
47,D'Andre Swift,CHI,RB,211.68,60.72,93.01,60.74,ACTIVE,,,,,994.28,8.14,198,269.37,1.13,30.43,0.95,,,
48,Lamar Jackson,BAL,QB,322.93,37.76,99.71,93.71,ACTIVE,3887.32,26.03,0.85,9.71,671.24,3.69,134,,,,4.32,,,
49,Bhayshul Tuten,JAX,RB,205.29,69.28,90.63,46.45,ACTIVE,,,,,993.75,6.72,198,250.26,1.43,33.73,1.4,,,
50,Bucky Irving,TB,RB,207.08,54.59,95.5,69.59,ACTIVE,,,,,991.23,5.31,198,294.04,1.74,36.81,0.95,,,
51,Terry McLaurin,WSH,WR,218.72,59.98,94.86,61.7,ACTIVE,,,,,,,,1053.35,6.1,77.02,0.62,,,
52,Jameson Williams,DET,WR,208.4,66.01,94,51.76,ACTIVE,,,,,45.05,0.59,9,1026.18,5.68,64.21,0.42,,,
53,David Montgomery,HOU,RB,192.56,67.49,92.18,48.47,ACTIVE,,,,,932.01,7.03,186,229.49,0.61,31.48,1.01,,,
54,Rome Odunze,CHI,WR,212.64,64.21,93.38,52.61,ACTIVE,,,,,,,,1029.03,8.42,59.31,0.61,,,
55,Tyler Warren,IND,TE,210.87,51.03,98.94,93.31,QUESTIONABLE,,,,,14.37,0.38,2,894.39,5.51,84.95,0.62,,,
56,DJ Moore,BUF,WR,209.51,62.3,93.65,50.5,ACTIVE,,,,,35.96,0.39,7,945.31,6.98,67.15,0.58,,,
57,Jayden Daniels,WSH,QB,318.38,51.56,98.76,82.03,ACTIVE,3850.64,22.36,1.75,9.87,669.97,5.11,133,,,,3.66,,,
58,Drake Maye,NE,QB,319.39,47.49,99.16,79.3,ACTIVE,4096.06,27.01,1.03,11.17,531.92,4.05,106,,,,5.14,,,
59,Jadarian Price,SEA,RB,194.06,73.47,91.13,48.66,ACTIVE,,,,,922.48,7.9,184,212.37,1.25,27.06,1.01,,,
60,Luther Burden III,CHI,WR,205.87,76.18,91.12,33.1,QUESTIONABLE,,,,,49.51,0.4,9,937.18,5.06,75.05,0.67,,,
61,Carnell Tate,TEN,WR,202.41,77.19,92.11,38.71,ACTIVE,,,,,,,,1023.64,4.48,74.53,0.76,,,
62,Marvin Harrison Jr.,ARI,WR,193.8,83.09,89.3,24.46,ACTIVE,,,,,,,,954.04,5.04,68.76,0.6,,,
63,TreVeyon Henderson,NE,RB,197.38,78.5,91.19,35.31,QUESTIONABLE,,,,,836.7,6.68,167,268.58,1.45,38.73,0.69,,,
64,Joe Burrow,CIN,QB,304.76,57.39,96.94,84.51,ACTIVE,4131.7,33.01,1.54,10.88,188.79,2.09,37,,,,2.85,,,
65,Mike Evans,SF,WR,180.87,91.15,87.86,19.86,QUESTIONABLE,,,,,,,,893.93,5.82,56.73,0.41,,,
66,Michael Pittman Jr.,PIT,WR,197.34,90.3,88.31,21.93,QUESTIONABLE,,,,,,,,863.24,3.93,88.43,0.65,,,
67,Rhamondre Stevenson,NE,RB,202.86,82.31,86.94,21.38,ACTIVE,,,,,740.25,6.76,148,350.1,2.09,42.44,1.19,,,
68,DK Metcalf,PIT,WR,195.94,85.86,90.11,27.74,QUESTIONABLE,,,,,,,,944.43,6.21,64.77,0.48,,,
69,Jalen Hurts,PHI,QB,320.29,52.16,97.9,90.81,ACTIVE,3778.6,23.52,1.05,9.17,437.8,9.15,87,,,,4.07,,,
70,Harold Fannin Jr.,CLE,TE,189.18,73.85,93.46,81.06,ACTIVE,,,,,21.25,0.33,4,826.03,3.23,83.84,0.63,,,
71,Courtland Sutton,DEN,WR,204.35,79.97,90.3,30.73,ACTIVE,,,,,,,,894.96,7.62,69.19,0.48,,,
72,Kyle Pitts Sr.,ATL,TE,185.13,65.99,95.91,83.77,ACTIVE,,,,,,,,857.53,3.18,80.47,0.28,,,
73,Dak Prescott,DAL,QB,286.85,81.39,90.8,58.94,ACTIVE,4112.44,29.83,1.06,11.9,186.34,2.15,37,,,,3.57,,,
74,Tony Pollard,TEN,RB,185.8,101.09,86.18,20.5,ACTIVE,,,,,1044.21,5.45,208,182.61,0.49,29.7,1.22,,,
75,Christian Watson,GB,WR,185.13,93.32,86.41,15.86,ACTIVE,,,,,13.09,0.13,2,866.07,7.03,54.84,0.53,,,
76,Parker Washington,JAX,WR,187.25,92.4,85.64,13.68,ACTIVE,,,,,38.94,0.27,7,850.55,5.18,63.76,0.79,,,
77,Jaylen Warren,PIT,RB,191.69,94.7,86.85,27.47,ACTIVE,,,,,791.39,4.48,158,320.18,1.46,46.1,0.89,,,
78,Sam LaPorta,DET,TE,188.6,71.96,94.94,79.52,QUESTIONABLE,,,,,,,,786.56,5.35,78.31,0.38,,,
79,Kenny Gainwell,TB,RB,177.83,112.34,81.35,9.18,ACTIVE,,,,,521.28,4.58,104,341.84,2.04,52.11,0.8,,,
80,Michael Wilson,ARI,WR,176.53,102.32,84.12,9.64,ACTIVE,,,,,,,,860.27,3.4,70.58,0.43,,,
81,George Kittle,SF,TE,188.88,87.41,89.87,27.95,QUESTIONABLE,,,,,,,,809.72,5.62,74.28,0.36,,,
82,Rico Dowdle,PIT,RB,186.09,100.69,85.83,21.96,ACTIVE,,,,,975.41,5.52,195,210.88,1.08,29.24,0.95,,,
83,Chuba Hubbard,CAR,RB,172.93,117.33,81.8,10.6,QUESTIONABLE,,,,,708.65,3.85,141,300.06,1.4,41.26,0.83,,,
84,Stefon Diggs,WSH,WR,164,119.66,73.93,6.16,ACTIVE,,,,,,,,726.41,3.45,71.08,0.48,,,
85,Jaxson Dart,NYG,QB,299.76,78.11,93.44,68.97,ACTIVE,3685.29,20.78,1.11,10.14,552.41,6.46,110,,,,3.72,,,
86,Justin Herbert,LAC,QB,283.64,100.85,88.21,46.24,ACTIVE,3849.81,25.64,0.63,10.98,406.46,2.35,81,,,,3.64,,,
87,Jonathon Brooks,CAR,RB,170.76,111.91,79.26,6.56,ACTIVE,,,,,809.58,4.34,161,246.63,1.24,32.69,0.92,,,
88,Wan'Dale Robinson,TEN,WR,175.02,113.61,80.81,6.44,QUESTIONABLE,,,,,22.49,0.15,4,823.8,1.95,78.83,0.56,,,
89,Trevor Lawrence,JAX,QB,288.34,93.83,87.74,48.41,ACTIVE,3932.35,24.89,1.03,12.96,334.83,4.81,66,,,,3.82,,,
90,Aaron Jones Sr.,MIN,RB,177.02,126.46,77.74,7.04,ACTIVE,,,,,652.25,3.21,130,344.23,2.08,47.01,1.02,,,
91,Travis Hunter,JAX,WR,113.11,120.38,72.74,5.68,ACTIVE,,,,,10.8,0.07,2,496.6,3.32,41.59,0.44,,,
92,Rachaad White,WSH,RB,164.74,132.1,72.73,2.98,QUESTIONABLE,,,,,567.93,5.08,113,266.8,1.79,40.35,0.61,,,
93,Alec Pierce,IND,WR,186.72,103.23,84.55,7.28,QUESTIONABLE,,,,,,,,947.73,5.25,60.57,0.5,,,
94,Brian Thomas Jr.,JAX,WR,176.65,105.7,84.05,8.8,QUESTIONABLE,,,,,23.15,0.16,4,860.66,5.06,57.1,0.31,,,
95,Jakobi Meyers,JAX,WR,181.96,116.1,80.13,5.67,QUESTIONABLE,,,,,31.99,0.29,6,767.06,5.21,69.82,0.61,,,
96,Matthew Golden,GB,WR,184.96,104.45,83.98,9.86,ACTIVE,,,,,24.83,0.17,4,870.03,4.68,66.67,0.72,,,
97,Chris Godwin Jr.,TB,WR,157.39,136.37,70.64,3.95,ACTIVE,,,,,,,,700.68,4.54,60.37,0.56,,,
98,Jordan Addison,MIN,WR,170.5,115.72,79.76,5.55,ACTIVE,,,,,14.43,0.11,2,770.28,5.18,60.49,0.44,,,
99,Caleb Williams,CHI,QB,281.69,92.52,89.28,45.39,ACTIVE,3820.86,25.25,1.68,9.92,381.78,2.28,76,,,,4.01,,,
100,Kyle Monangai,CHI,RB,176.19,126.05,76.61,5.2,QUESTIONABLE,,,,,824.86,6.47,164,214.98,1.28,25.65,0.44,,,
101,J.K. Dobbins,DEN,RB,175.01,114.39,81.19,8.12,ACTIVE,,,,,958.39,6.6,191,132.39,0.83,21.36,0.45,,,
102,Brock Purdy,SF,QB,292.48,104.48,84.22,23.23,ACTIVE,4180.5,27.07,1.38,13.89,277.28,3.51,55,,,,3.66,,,
103,RJ Harvey,DEN,RB,149.52,133.78,74.06,3.75,ACTIVE,,,,,315.92,2.86,63,366.87,2.56,48.73,0.41,,,
104,Tucker Kraft,GB,TE,180.67,89.37,89.05,58.21,QUESTIONABLE,,,,,8.44,0.14,1,818.38,4.39,71.38,0.45,,,
105,Josh Downs,IND,WR,157.74,136.27,72.79,2.74,QUESTIONABLE,,,,,10.69,0.09,2,696.78,2.69,70.45,0.56,,,
106,Quentin Johnston,LAC,WR,165.42,135.24,71.5,3.82,ACTIVE,,,,,10.83,0.09,2,777.83,5.64,52.8,0.45,,,
107,Travis Kelce,KC,TE,177.92,96.26,88.8,50.17,ACTIVE,,,,,,,,772.89,4.55,73.94,0.51,,,
108,Patrick Mahomes,KC,QB,291.29,106.79,85.38,18.28,QUESTIONABLE,4000.82,26.39,1.17,11.66,326.97,3.27,65,,,,3.04,,,
109,Blake Corum,LAR,RB,159.37,132.3,73.94,3.28,ACTIVE,,,,,837.49,7.33,167,117.12,0.61,16.68,0.4,,,
110,Jake Ferguson,DAL,TE,166.6,110.39,85.33,38.75,ACTIVE,,,,,,,,598.2,5.85,72.86,0.82,,,
111,Makai Lemon,PHI,WR,154.61,138.06,74.08,3.84,ACTIVE,,,,,,,,741.38,4.71,52.5,0.54,,,
112,Tyjae Spears,TEN,RB,154.46,154.88,41.72,1.33,ACTIVE,,,,,446.7,2.96,89,336.35,1.6,49.54,0.45,,,
113,Bo Nix,DEN,QB,296.22,90.69,88.95,37.36,ACTIVE,3877.4,26.52,1.61,11.12,356.23,3.99,71,,,,3.07,,,
114,Dallas Goedert,PHI,TE,177.05,100.13,88.83,56.56,ACTIVE,,,,,,,,725.7,5.69,70.62,0.39,,,
115,Matthew Stafford,LAR,QB,293.2,83.99,92.79,53.6,ACTIVE,4281.61,34.93,0.47,9.69,39.42,0.59,7,,,,3.5,,,
116,Kyler Murray,MIN,QB,250.6,143.93,58.99,9.64,ACTIVE,3347.27,19.48,1.15,9.95,443.78,3.09,88,,,,3.53,,,
117,Jacory Croskey-Merritt,WSH,RB,159.54,132.73,70.67,2.48,QUESTIONABLE,,,,,848.04,7.45,169,119.03,0.67,16.05,1.5,,,
118,Brandon Aubrey,DAL,K,171.66,87.43,99.78,98.78,ACTIVE,,,,,,,,,,,,7.03,46.1,0.94
119,Isaiah Likely,NYG,TE,155.55,126.2,78.67,22.71,ACTIVE,,,,,,,,682.94,4.08,63.34,0.52,,,
120,Khalil Shakir,BUF,WR,171.12,129.04,72.31,2.83,QUESTIONABLE,,,,,12.51,0.13,2,764.86,3.69,70.08,0.6,,,
121,Jayden Reed,GB,WR,170.21,128.55,71.53,3.32,ACTIVE,,,,,64.8,0.42,12,727.17,4.36,63.34,0.79,,,
122,Xavier Worthy,KC,WR,173.72,125.3,74.19,3.32,ACTIVE,,,,,76.22,0.6,15,790.91,4.66,55.65,0.34,,,
123,De'Zhaun Stribling,SF,WR,149.92,146.65,47.79,1.14,QUESTIONABLE,,,,,,,,745.97,4.48,48.94,0.5,,,
124,Mark Andrews,BAL,TE,169.28,122.36,80.9,26.81,ACTIVE,,,,,34.77,0.67,6,617.53,7.09,57.94,0.5,,,
125,Romeo Doubs,NE,WR,150.43,149.57,58.95,1.73,ACTIVE,,,,,,,,666.89,5.33,52.38,0.52,,,
126,Jalen Coker,CAR,WR,147.21,157.94,40.97,0.85,ACTIVE,,,,,,,,688.96,2.95,61.39,0.59,,,
127,Dalton Kincaid,BUF,TE,155.42,131.2,71.08,14.86,ACTIVE,,,,,,,,697.38,4.43,59.27,0.45,,,
128,Tyler Shough,NO,QB,265.99,154.52,42.81,3.89,ACTIVE,3886.03,20.53,1.07,11.07,285.56,4.29,57,,,,3.24,,,
129,Jared Goff,DET,QB,268.54,136.5,66.01,10.99,ACTIVE,4216.05,29.05,0.64,9.96,49.47,0.68,9,,,,3.45,,,
130,Jordan Mason,MIN,RB,150.53,138.64,62.66,2.57,ACTIVE,,,,,899.09,6.39,179,83.38,0.34,13.4,1.16,,,
131,Zach Charbonnet,SEA,RB,133.99,154.57,54.73,0.61,OUT,,,,,555.14,6.86,111,145.03,0.44,20.32,0.32,,,
132,Deebo Samuel Sr.,SF,WR,149.56,133.4,70.18,4.59,ACTIVE,,,,,109.36,1.14,21,624.75,3.71,47.6,0.74,,,
133,KC Concepcion,CLE,WR,155.92,144.74,64.6,1.81,ACTIVE,,,,,34.96,0.21,6,738.94,3.15,58.68,0.65,,,
134,Woody Marks,HOU,RB,127.68,148.98,59.48,1.56,ACTIVE,,,,,580.53,2.97,116,199.96,1.33,24.16,0.65,,,
135,Isiah Pacheco,DET,RB,123.53,161.7,40.3,1.79,QUESTIONABLE,,,,,639.34,4.52,127,114.23,0.79,17.17,0.53,,,
136,Jalen McMillan,TB,WR,132.91,167.36,21.62,0.35,QUESTIONABLE,,,,,24.57,0.21,4,588.61,3.86,47.27,0.42,,,
137,Alvin Kamara,NO,RB,117.35,160.1,41.39,1,QUESTIONABLE,,,,,451.23,2.1,90,221.84,0.9,32.88,0.58,,,
138,Baker Mayfield,TB,QB,264.77,147.31,51.83,8.36,ACTIVE,3823.19,24.61,2.14,11.59,323.24,1.39,64,,,,4.42,,,
139,Tank Dell,HOU,WR,95.89,157,35.18,0.61,QUESTIONABLE,,,,,44.67,0.2,8,415.15,2.41,34.49,0.35,,,
140,Daniel Jones,IND,QB,267.24,158.52,34.07,2.41,ACTIVE,3750.44,19.6,1.56,11.15,307.15,5.92,61,,,,4.54,,,
141,Texans D/ST,HOU,DST,130.32,89.88,98.81,85.97,,,,,,,,,,,,,,,
142,Cameron Dicker,LAC,K,161.89,108.6,99.15,96.22,QUESTIONABLE,,,,,,,,,,,,6.75,41.53,0.85
143,Broncos D/ST,DEN,DST,130.59,99.18,98.44,86.47,,,,,,,,,,,,,,,
144,Chris Rodriguez Jr.,JAX,RB,71.44,165.19,23.34,0.4,ACTIVE,,,,,432.28,3.41,86,29.48,0.16,4.12,0.28,,,
145,Tyler Allgeier,ARI,RB,91.27,163.2,28.1,0.61,ACTIVE,,,,,384.65,3.31,76,125.76,0.39,18.09,0.23,,,
146,Jason Myers,SEA,K,158.51,118.86,97.77,92.46,ACTIVE,,,,,,,,,,,,6.44,42.63,0.87
147,Dylan Sampson,CLE,RB,88.32,170.27,11.22,0.31,ACTIVE,,,,,236.6,1.09,47,208.42,1.21,29.84,0.38,,,
148,Ka'imi Fairbairn,HOU,K,157.86,131.43,92.82,87.5,ACTIVE,,,,,,,,,,,,7.04,31.31,0.64
149,Juwan Johnson,NO,TE,143.45,161.78,33.15,5.64,ACTIVE,,,,,,,,644.75,2.8,63.07,0.59,,,
150,T.J. Hockenson,MIN,TE,158.22,137.9,69.58,12.65,ACTIVE,,,,,,,,639.42,2.82,77.7,0.34,,,
151,Justice Hill,BAL,RB,114.19,170.07,11.24,0.41,ACTIVE,,,,,223.41,1.36,44,348.85,1.67,39.43,0.42,,,
152,Eddy Pineiro,SF,K,155.32,146.87,81.66,75.38,ACTIVE,,,,,,,,,,,,6.31,42,0.86
153,Hunter Henry,NE,TE,150.1,145.85,59.76,7.91,ACTIVE,,,,,,,,628.64,5.28,55.62,0.23,,,
154,Kenyon Sadiq,NYJ,TE,147.94,151.96,60.38,6.83,QUESTIONABLE,,,,,,,,629.87,3.97,60.96,0.42,,,
155,Keenan Allen,IND,WR,124.43,166.31,21.5,0.5,ACTIVE,,,,,,,,539.47,2.68,55.09,0.57,,,
156,Jordan Love,GB,QB,258.98,157.35,33.48,4.51,ACTIVE,3990.5,25,0.79,10.7,212.64,0.93,42,,,,3.95,,,
157,Calvin Ridley,TEN,WR,135.38,168.16,22.44,0.48,ACTIVE,,,,,32.1,0.25,6,677.81,3.38,43.34,0.42,,,
158,MarShawn Lloyd,GB,RB,86.28,167.4,28.67,0.6,ACTIVE,,,,,380.99,2.83,76,113.69,0.74,16.04,0.43,,,
159,Keaton Mitchell,LAC,RB,93.89,168.98,16.27,0.34,QUESTIONABLE,,,,,392.55,2.42,78,156.95,0.78,20.05,0.46,,,
160,Brenton Strange,JAX,TE,142.47,167.74,19.85,2.91,ACTIVE,,,,,,,,598.69,4,59.07,0.39,,,
161,Jaylin Noel,HOU,WR,103.66,171.75,5.25,0.13,QUESTIONABLE,,,,,22.2,0.13,4,449.02,2.48,39.59,0.44,,,
162,Terrance Ferguson,LAR,TE,135.78,166.42,23.2,2.97,QUESTIONABLE,,,,,,,,580.24,5.38,45.92,0.31,,,
163,Rashid Shaheed,SEA,WR,144.48,156.26,42.92,2.19,ACTIVE,,,,,86.72,0.51,17,646.53,3.5,42.84,0.61,,,
164,Brian Robinson Jr.,ATL,RB,93.96,165.4,23.39,0.91,ACTIVE,,,,,560.43,3.68,112,59.11,0.29,8.75,0.49,,,
165,Denzel Boston,CLE,WR,142.33,166.69,23.22,0.51,ACTIVE,,,,,,,,694.05,2.97,55.42,0.57,,,
166,Jerry Jeudy,CLE,WR,140.07,166.28,28.17,0.68,ACTIVE,,,,,,,,721.59,2.75,51.93,0.46,,,
167,Adonai Mitchell,NYJ,WR,127.43,170.25,13.71,0.28,ACTIVE,,,,,11.18,0.11,2,621.05,3.62,41.88,0.49,,,
168,Caleb Douglas,MIA,WR,114.55,169.83,12.84,0.24,ACTIVE,,,,,,,,584.56,2.14,43.9,0.45,,,
169,Malik Willis,MIA,QB,239.09,167.01,18.57,1.62,ACTIVE,3560.08,13.21,0.69,10.38,546.3,3.41,109,,,,6.22,,,
170,Jordyn Tyson,NO,WR,99.78,167.2,50.17,2.06,DOUBTFUL,,,,,,,,484.19,2.7,35.57,0.36,,,
171,Tre Tucker,LV,WR,137.98,168.32,22.17,0.9,ACTIVE,,,,,57.29,0.32,11,658.27,2.52,48.41,0.29,,,
172,Jalen Nailor,LV,WR,124.24,170.76,12.03,0.35,ACTIVE,,,,,11,0.08,2,607.38,3.01,44.34,0.44,,,
173,Jonah Coleman,DEN,RB,74.47,169.39,12.95,0.23,ACTIVE,,,,,272.39,2.11,54,126.63,0.8,17.44,0.34,,,
174,Mike Washington Jr.,LV,RB,65.17,163.38,38.87,1.07,ACTIVE,,,,,362.22,2.23,72,59.98,0.27,8.38,0.39,,,
175,Braelon Allen,NYJ,RB,76.64,170.89,9.58,0.23,ACTIVE,,,,,348.06,2.91,69,90.22,0.43,12.72,0.37,,,
176,Rashod Bateman,BAL,WR,122.5,171.28,8.41,0.3,ACTIVE,,,,,,,,614.22,3.96,37.67,0.31,,,
177,Dontayvion Wicks,PHI,WR,108.21,170.84,7.94,0.25,ACTIVE,,,,,,,,517.74,2.92,39.51,0.44,,,
178,Devaughn Vele,NO,WR,123.79,171.57,7.03,0.41,ACTIVE,,,,,,,,544.4,3.38,49.52,0.4,,,
179,Tank Bigsby,PHI,RB,64.17,169.3,17.59,0.48,ACTIVE,,,,,372.79,3.36,74,28.67,0.14,3.63,0.42,,,
180,Ray Davis,BUF,RB,38.13,170.98,10.07,0.32,ACTIVE,,,,,137.93,1.06,27,59.95,0.39,7.75,0.19,,,
181,Steelers D/ST,PIT,DST,122.73,119.62,95.52,89.27,,,,,,,,,,,,,,,
182,Seahawks D/ST,SEA,DST,122.31,111,97.66,90.14,,,,,,,,,,,,,,,
183,Rams D/ST,LAR,DST,121.94,108.92,95.74,85.26,,,,,,,,,,,,,,,
184,Ravens D/ST,BAL,DST,120.01,134.16,87.95,78.28,,,,,,,,,,,,,,,
185,Eagles D/ST,PHI,DST,106.71,137,86.24,76.58,,,,,,,,,,,,,,,
186,Browns D/ST,CLE,DST,103.93,156.18,58.52,50.92,,,,,,,,,,,,,,,
187,Patriots D/ST,NE,DST,100.29,151.69,70.23,57.68,,,,,,,,,,,,,,,
188,Lions D/ST,DET,DST,107.82,153.66,68.49,59.47,,,,,,,,,,,,,,,
189,Chiefs D/ST,KC,DST,100.36,164.92,36.11,28.55,,,,,,,,,,,,,,,
190,Chargers D/ST,LAC,DST,94.84,164.97,50.01,44.08,,,,,,,,,,,,,,,
191,Harrison Mevis,LAR,K,159.53,135.06,92.47,86.74,ACTIVE,,,,,,,,,,,,5.82,54.85,1.3
192,Harrison Butker,KC,K,148.77,144.2,78.38,70.1,ACTIVE,,,,,,,,,,,,5.98,41.22,1.19
193,Cam Little,JAX,K,146.85,141.38,87.29,80.43,ACTIVE,,,,,,,,,,,,5.91,40.28,0.82
194,Jake Bates,DET,K,145.85,157.2,70.73,64.05,ACTIVE,,,,,,,,,,,,5.39,49.05,1.76
195,Tyler Loop,BAL,K,146.03,164.95,51.49,45.69,ACTIVE,,,,,,,,,,,,5.66,44.54,1.98
196,Cairo Santos,CHI,K,144.41,168.91,33.01,28.81,ACTIVE,,,,,,,,,,,,5.82,39.67,0.95
197,Will Reichard,MIN,K,142.23,167.43,31.15,27.3,ACTIVE,,,,,,,,,,,,6.02,34.04,0.69
198,Najee Harris,NYG,RB,78.31,170.14,4.99,0.2,ACTIVE,,,,,429.59,2.26,85,76.17,0.4,12.17,0.34,,,
199,Ja'Kobi Lane,BAL,WR,100.46,168.03,16.99,0.61,ACTIVE,,,,,,,,484.62,3.48,31.53,0.32,,,
200,C.J. Stroud,HOU,QB,246.57,165.35,20.92,2.7,ACTIVE,3950.01,21.51,1.41,12.05,249.31,1.05,49,,,,3.91,,,
201,Sam Darnold,SEA,QB,242.56,162.29,23.05,2.55,ACTIVE,4013.1,24.04,0.87,12.35,125.59,0.85,25,,,,4.56,,,
202,Jauan Jennings,MIN,WR,114.62,171.01,8.89,0.29,ACTIVE,,,,,,,,486.31,3.34,46.48,0.46,,,
203,Germie Bernard,PIT,WR,108.81,171.39,7.49,0.24,ACTIVE,,,,,11.68,0.08,2,504.35,2.77,40.42,0.43,,,
204,Tre' Harris,LAC,WR,89.87,171.08,4.38,0.13,QUESTIONABLE,,,,,,,,410.53,2.48,34.52,0.35,,,
205,Ryan Flournoy,DAL,WR,89.38,171.04,4.15,0.23,ACTIVE,,,,,12.44,0.1,2,383.14,2.66,33.79,0.36,,,
206,Pat Freiermuth,PIT,TE,136.37,169.28,13.19,2.16,ACTIVE,,,,,,,,603.01,2.81,59.93,0.47,,,
207,Dalton Schultz,HOU,TE,132.91,168.27,16.64,2.63,ACTIVE,,,,,,,,552.43,3.08,59.51,0.36,,,
208,Zachariah Branch,ATL,WR,82.52,170.85,5.54,0.19,ACTIVE,,,,,,,,381.69,1.89,31.41,0.32,,,
209,Omar Cooper Jr.,NYJ,WR,87.4,171.21,8.9,0.21,ACTIVE,,,,,11.98,0.11,2,394.99,2.22,32.87,0.35,,,
210,Kayshon Boutte,HOU,WR,110.37,170.63,8.05,0.25,ACTIVE,,,,,,,,527.71,2.85,40.8,0.33,,,
211,Malik Washington,MIA,WR,114.9,170.27,7.26,0.65,ACTIVE,,,,,77.67,0.44,15,474.77,1.73,44.81,0.58,,,
212,Jordan James,SF,RB,29.21,170.93,3.39,0.1,ACTIVE,,,,,151.15,1.01,30,31.18,0.17,4.09,0.16,,,
213,Kaelon Black,SF,RB,60.5,170.41,5.82,0.12,ACTIVE,,,,,311.45,2.19,62,62.82,0.36,8.15,0.33,,,
214,Kimani Vidal,LAC,RB,36.35,170.93,2.68,0.08,ACTIVE,,,,,136.36,1.1,27,63.04,0.37,7.84,0.16,,,
215,Gunnar Helm,TEN,TE,126.97,170.64,5.26,0.6,ACTIVE,,,,,,,,499.22,3.33,57.72,0.4,,,
216,Chig Okonkwo,WSH,TE,121.27,169.94,8.59,1.25,ACTIVE,,,,,,,,560.41,2.35,51.29,0.26,,,
217,AJ Barner,SEA,TE,113.78,169.59,6.73,0.99,ACTIVE,,,,,17.98,0.47,3,432.66,3.64,44.71,0.46,,,
218,Bryce Young,CAR,QB,237.53,168.84,9.33,0.82,ACTIVE,3639.76,20.28,1.23,12.13,272.29,2.14,54,,,,3.96,,,
219,Cam Ward,TEN,QB,219.98,169.17,9.68,0.75,ACTIVE,3759.67,16.6,0.26,10.25,200.84,2.04,40,,,,4.75,,,
220,Jacoby Brissett,ARI,QB,198.93,170.03,4.27,0.33,ACTIVE,3354.48,14.91,0.82,9.18,209.93,1.3,41,,,,3.65,,,
221,Jaylen Wright,MIA,RB,43.42,170.53,2.04,0.12,ACTIVE,,,,,233.84,1.09,46,55.91,0.19,7.46,0.47,,,
222,Ollie Gordon II,MIA,RB,34.92,170.65,1.47,0.07,QUESTIONABLE,,,,,203.47,1.23,40,27.73,0.12,3.93,0.17,,,
223,Samaje Perine,CIN,RB,100.51,171.09,4.07,0.21,ACTIVE,,,,,440.62,3.35,88,139.36,0.74,18.8,0.79,,,
224,Cooper Kupp,SEA,WR,101.52,169.05,11.02,0.88,ACTIVE,,,,,,,,471.68,2.82,37.85,0.33,,,
225,Ty Johnson,BUF,RB,84.76,170.69,1.43,0.12,QUESTIONABLE,,,,,219.44,2.13,43,207.95,1.29,21.63,0.37,,,
226,Isaiah Davis,NYJ,RB,50.95,170.57,0.83,0.04,QUESTIONABLE,,,,,178.37,1.32,35,96.13,0.42,12.88,0.11,,,
227,Xavier Legette,CAR,WR,94.08,170.71,2.29,0.12,QUESTIONABLE,,,,,10.75,0.06,2,417.51,2.57,35.85,0.35,,,
228,Jahan Dotson,ATL,WR,92.76,170.65,0.96,0.06,ACTIVE,,,,,,,,443.29,2.25,35.15,0.25,,,
229,Darius Slayton,NYG,WR,88.65,170.56,1.4,0.15,ACTIVE,,,,,12.23,0.07,2,439.39,2.01,31.5,0.37,,,
230,Jalen Tolbert,MIA,WR,83.76,170.55,1.03,0.08,ACTIVE,,,,,,,,411.14,1.66,33.15,0.31,,,
231,DeMario Douglas,NE,WR,81.41,170.24,0.69,0.08,ACTIVE,,,,,21.41,0.15,4,365.3,2.03,30.21,0.37,,,
232,Chris Bell,MIA,WR,70.64,170.54,2.46,0.05,ACTIVE,,,,,,,,356.99,1.33,27.38,0.28,,,
233,Antonio Williams,WSH,WR,77.83,170.69,3.17,0.1,ACTIVE,,,,,22.36,0.2,4,344.44,2.27,25.93,0.3,,,
234,Tyquan Thornton,KC,WR,77.68,170.43,0.97,0.08,ACTIVE,,,,,,,,360.08,2.98,23.87,0.19,,,
235,Buccaneers D/ST,TB,DST,92.8,170.14,11.76,7.72,,,,,,,,,,,,,,,
236,Packers D/ST,GB,DST,90.32,168.88,16.37,11.52,,,,,,,,,,,,,,,
237,Chris Boswell,PIT,K,142.86,164.51,37.94,32.96,ACTIVE,,,,,,,,,,,,6.2,31.93,0.65
238,Chase McLaughlin,TB,K,142.2,170.15,15.78,12.65,ACTIVE,,,,,,,,,,,,5.98,34.57,0.71
239,Jaydon Blue,DAL,RB,55.01,170.52,3.38,0.24,ACTIVE,,,,,263,1.95,52,61.74,0.39,8.72,0.29,,,
240,Kaytron Allen,WSH,RB,15.75,170.46,1.66,0.05,ACTIVE,,,,,50.76,0.43,10,29.37,0.19,4.06,0.07,,,
241,Tyrone Tracy Jr.,NYG,RB,40.88,170.16,13.94,0.48,QUESTIONABLE,,,,,151.15,0.5,30,86.9,0.41,11.92,0.21,,,
242,Nicholas Singleton,TEN,RB,19.82,170.43,2.18,0.06,ACTIVE,,,,,83.72,0.55,16,30.16,0.16,4.29,0.1,,,
243,Demond Claiborne,MIN,RB,16.77,170.41,1.04,0.03,ACTIVE,,,,,59.29,0.41,11,29.44,0.17,4.5,0.08,,,
244,Adam Randall,BAL,RB,25.08,170.38,0.79,0.03,ACTIVE,,,,,121.34,0.91,24,28.78,0.19,3.61,0.13,,,
245,Emmett Johnson,KC,RB,46.62,170.03,3.39,0.15,ACTIVE,,,,,206.3,1.59,41,59.49,0.39,8.41,0.24,,,
246,LeQuint Allen Jr.,JAX,RB,46.42,170.37,0.64,0.04,QUESTIONABLE,,,,,33.99,0.19,6,148.24,0.85,21.68,0.14,,,
247,George Holani,SEA,RB,41.46,170.31,2.87,0.22,ACTIVE,,,,,164.14,1.53,32,62.22,0.28,8.01,0.19,,,
248,Sean Tucker,TB,RB,36.93,170.36,0.87,0.05,ACTIVE,,,,,182.22,2.43,36,14.4,0.08,1.98,0.29,,,
249,James Conner,ARI,RB,0,170.17,3.53,0.16,QUESTIONABLE,,,,,,,,,,,,,,
250,Emari Demercado,KC,RB,63.86,170.4,1.03,0.08,ACTIVE,,,,,255.9,1.4,51,108.53,0.62,15.73,0.32,,,
251,Seth McGowan,IND,RB,15.7,170.19,0.48,0.03,ACTIVE,,,,,51.74,0.4,10,29.62,0.16,4.29,0.07,,,
252,Keon Coleman,BUF,WR,75.43,170.48,2.51,0.17,QUESTIONABLE,,,,,,,,337.72,2.82,24.42,0.24,,,
253,Isaac TeSlaa,DET,WR,72.85,170.32,3.81,0.25,ACTIVE,,,,,,,,300.71,3.23,23.76,0.24,,,
254,Jaguars D/ST,JAX,DST,81.38,167.96,52.96,48.01,,,,,,,,,,,,,,,
255,Saints D/ST,NO,DST,88.81,170.36,3.01,1.81,,,,,,,,,,,,,,,
256,Evan McPherson,CIN,K,142.14,169.39,16.95,13.98,ACTIVE,,,,,,,,,,,,5.44,44.41,1.31
257,Nick Folk,ATL,K,141.27,170.29,4.42,3.01,ACTIVE,,,,,,,,,,,,6.2,31.07,0.63
258,Greg Dulcich,MIA,TE,119.09,170.43,3.45,0.51,ACTIVE,,,,,,,,579.96,1.66,51.71,0.37,,,
259,Darren Waller,CAR,TE,114.62,170.33,2.53,0.29,ACTIVE,,,,,,,,473.42,4.02,43.07,0.21,,,
260,Cade Otton,TB,TE,102.1,170.44,2.52,0.32,ACTIVE,,,,,,,,440.23,2.27,44.53,0.25,,,
261,Pat Bryant,DEN,WR,72.83,170.52,2.19,0.1,ACTIVE,,,,,,,,320.49,2.12,28.39,0.29,,,
262,Darnell Mooney,NYG,WR,71.66,170.5,3.19,0.2,ACTIVE,,,,,11.89,0.07,2,349.25,1.87,24.13,0.22,,,
263,Marvin Mims Jr.,DEN,WR,69.91,170.18,0.9,0.09,QUESTIONABLE,,,,,45.17,0.32,9,273.11,1.61,24.12,0.35,,,
264,Malachi Fields,NYG,WR,68.58,170.04,2.53,0.1,ACTIVE,,,,,,,,321.26,1.75,26.29,0.27,,,
265,Chris Brooks,GB,RB,36.01,170.23,0.88,0.05,ACTIVE,,,,,98.29,0.62,19,82.52,0.43,11.79,0.1,,,
266,Emanuel Wilson,SEA,RB,9.91,170.23,0.66,0.05,QUESTIONABLE,,,,,47.96,0.41,9,10.26,0.05,1.35,0.05,,,
267,Geno Smith,NYJ,QB,232.3,170.14,3.43,0.31,ACTIVE,3815.22,20.41,2.48,14.35,220.12,1.04,44,,,,3.44,,,
268,Fernando Mendoza,LV,QB,187.56,167.93,10.67,0.48,ACTIVE,3058.87,14.18,0.91,10.51,226.11,1.92,45,,,,3.42,,,
269,Aaron Rodgers,PIT,QB,219.23,169.25,6.27,0.71,ACTIVE,3772.28,20.19,0.62,11.12,99.73,0.89,19,,,,3.49,,,
270,Deshaun Watson,CLE,QB,78.61,170.05,1.9,0.21,ACTIVE,1284.23,5.41,0.39,4.37,130.35,0.61,26,,,,1.67,,,
271,KaVontae Turpin,DAL,WR,66.82,169.87,1.37,0.31,ACTIVE,,,,,103.23,0.43,20,229.54,1.72,18.11,0.37,,,
272,Jack Bech,LV,WR,65.94,170.23,1.46,0.08,ACTIVE,,,,,,,,315.01,1.18,27.74,0.28,,,
273,Tory Horton,SEA,WR,65.49,170.25,1.1,0.04,QUESTIONABLE,,,,,,,,298.99,2.31,21.62,0.22,,,
274,Ted Hurst III,TB,WR,64.94,170.2,0.97,0.03,ACTIVE,,,,,,,,294.7,2.13,22.79,0.23,,,
275,Andrei Iosivas,CIN,WR,58.16,170.1,0.62,0.09,ACTIVE,,,,,11.08,0.09,2,234.82,2.11,20.51,0.18,,,
276,Will Shipley,PHI,RB,28.05,170.12,0.56,0.06,ACTIVE,,,,,39.57,0.3,7,83.45,0.4,11.31,0.11,,,
277,Malik Davis,DAL,RB,27.42,170,0.49,0.05,ACTIVE,,,,,135.6,1,27,29.52,0.16,4.13,0.11,,,
278,Kendre Miller,NO,RB,15.86,170.16,0.61,0.07,ACTIVE,,,,,99.89,0.5,19,10.89,0.04,1.51,0.05,,,
279,Tahj Brooks,CIN,RB,18.4,170.16,0.31,0.03,ACTIVE,,,,,128.42,0.94,25,,,,0.12,,,
280,Trevor Etienne,CAR,RB,16.73,170.01,0.7,0.11,QUESTIONABLE,,,,,52.39,0.3,10,29.26,0.14,4.12,0.07,,,
281,DJ Giddens,IND,RB,36.02,170.22,0.66,0.06,ACTIVE,,,,,140.47,1,28,58.3,0.31,8.44,0.17,,,
282,Jawhar Jordan,HOU,RB,6.9,170.16,0.18,0.01,QUESTIONABLE,,,,,54.07,0.26,10,,,,0.04,,,
283,Kaleb Johnson,PIT,RB,4.85,170.08,0.53,0.05,ACTIVE,,,,,35.91,0.22,7,,,,0.03,,,
284,Mack Hollins,NE,WR,56.61,169.99,0.28,0.03,ACTIVE,,,,,,,,257.64,1.6,21.49,0.17,,,
285,Bears D/ST,CHI,DST,88.96,169.59,11.16,8.34,,,,,,,,,,,,,,,
286,Jets D/ST,NYJ,DST,84.45,170.08,2.21,1.58,,,,,,,,,,,,,,,
287,Trey Smack,GB,K,144,167.69,11.02,8.87,ACTIVE,,,,,,,,,,,,5.74,41.14,2.21
288,Jake Elliott,PHI,K,135.76,169,8.49,5.85,ACTIVE,,,,,,,,,,,,5.22,42.31,2.58
289,Evan Engram,DEN,TE,106.6,170.08,3.19,0.49,ACTIVE,,,,,,,,464.75,2.19,47.26,0.28,,,
290,David Njoku,LAC,TE,104.35,169.65,5,0.67,ACTIVE,,,,,,,,416.73,3.85,39.87,0.26,,,
291,Oronde Gadsden,LAC,TE,77.26,170.18,4.8,0.62,ACTIVE,,,,,,,,321.69,2.53,30.26,0.23,,,
292,Mike Gesicki,CIN,TE,85.8,170.33,1.85,0.27,ACTIVE,,,,,,,,312.84,3.72,32.18,0.18,,,
293,Michael Mayer,LV,TE,80.97,170.36,1.14,0.14,ACTIVE,,,,,,,,363.93,1.31,37.04,0.25,,,
294,Tutu Atwell,LAR,WR,55.24,170.11,0.44,0.04,ACTIVE,,,,,11.37,0.06,2,301.43,0.47,21.07,0.19,,,
295,Cyrus Allen,KC,WR,53.04,169.6,5.25,0.09,ACTIVE,,,,,,,,245.84,1.55,19.42,0.2,,,
296,Tua Tagovailoa,ATL,QB,114.89,170.08,1.73,0.18,ACTIVE,2170.74,10.42,0.61,7.95,43.93,0.26,8,,,,2.53,,,
297,49ers D/ST,SF,DST,82.99,168.87,7.15,3.83,,,,,,,,,,,,,,,
298,Cowboys D/ST,DAL,DST,78.7,166.71,11.09,6.93,,,,,,,,,,,,,,,
299,Colts D/ST,IND,DST,75.16,170.2,3.35,1.85,,,,,,,,,,,,,,,
300,Vikings D/ST,MIN,DST,74.31,168.8,15.29,11.87,,,,,,,,,,,,,,,
301,Shedeur Sanders,CLE,QB,142.97,169.7,2.5,0.12,ACTIVE,2437.25,10.3,0.73,8.46,182.15,0.91,36,,,,2.07,,,
302,Kirk Cousins,LV,QB,45.82,169.97,2.2,0.33,ACTIVE,832.39,4.1,0.26,2.68,10.97,0.26,2,,,,0.87,,,
303,Kene Nwangwu,NYJ,RB,2.29,170.12,0.15,0.02,ACTIVE,,,,,,,,,,,,,,
304,Isaac Guerendo,SF,RB,1.05,170.11,0.27,0.01,OUT,,,,,,,,,,,,,,
305,Brashard Smith,KC,RB,0.99,170.08,0.29,0.03,ACTIVE,,,,,,,,,,,,,,
306,Bam Knight,ARI,RB,0.82,170.1,0.21,0.03,ACTIVE,,,,,,,,,,,,,,
307,Dylan Laube,LV,RB,0.67,170.08,0.21,0.02,ACTIVE,,,,,,,,,,,,,,
308,Rasheen Ali,BAL,RB,0.5,170.08,0.16,0.02,ACTIVE,,,,,,,,,,,,,,
309,Tyler Badie,DEN,RB,0.35,170.07,0.2,0.02,ACTIVE,,,,,,,,,,,,,,
310,Michael Penix Jr.,ATL,QB,113.6,170.09,0.98,0.06,QUESTIONABLE,1884.35,9.47,0.56,5.08,76.74,0.9,15,,,,1.93,,,
311,Jake Tonges,SF,TE,25.2,170.29,3.06,0.89,ACTIVE,,,,,,,,103.4,0.75,10.41,0.07,,,
312,Colby Parkinson,LAR,TE,75.35,170.34,1.41,0.18,ACTIVE,,,,,,,,291.54,3.11,28,0.28,,,
313,Erick All Jr.,CIN,TE,60.52,170.05,0.2,0.03,ACTIVE,,,,,,,,235.23,1.87,25.94,0.18,,,
314,Darnell Washington,PIT,TE,72.5,169.72,1.72,0.28,ACTIVE,,,,,,,,305.29,1.91,30.98,0.29,,,
315,J.J. McCarthy,MIN,QB,39.83,169.8,1,0.1,QUESTIONABLE,598.77,3.35,0.19,2.26,43.85,0.62,8,,,,0.8,,,
316,Carson Beck,ARI,QB,29.3,169.98,1.1,0.04,QUESTIONABLE,450.52,2.57,0.14,1.5,29.43,0.29,5,,,,0.49,,,
317,Justin Fields,KC,QB,10.66,169.97,0.54,0.04,ACTIVE,140.52,0.93,0.05,0.43,15.31,0.16,3,,,,0.21,,,
318,Joe Flacco,CIN,QB,10.54,169.94,0.39,0.03,ACTIVE,164.83,1.32,0.06,0.69,1.17,0.02,,,,,0.15,,,
319,Mac Jones,SF,QB,8.62,169.97,0.32,0.02,ACTIVE,145.69,0.94,0.06,0.56,2.22,0.01,,,,,0.14,,,
320,Jacob Saylors,DET,RB,0.33,169.99,0.11,0.02,ACTIVE,,,,,,,,,,,,,,
321,DeeJay Dallas,JAX,RB,0.18,170,0.08,0.02,ACTIVE,,,,,,,,,,,,,,
322,Josh Williams,TB,RB,0.11,169.95,0.11,0.03,ACTIVE,,,,,,,,,,,,,,
323,Dawson Knox,BUF,TE,68.19,169.76,0.91,0.17,ACTIVE,,,,,,,,265,2.76,24.94,0.12,,,
324,Elijah Arroyo,SEA,TE,60.62,169.9,0.55,0.08,ACTIVE,,,,,,,,264.22,1.72,24.1,0.17,,,
325,Mason Taylor,NYJ,TE,68.13,170.04,0.53,0.08,ACTIVE,,,,,,,,275.74,1.37,32.44,0.22,,,
326,Theo Johnson,NYG,TE,61.73,170.18,0.73,0.06,QUESTIONABLE,,,,,,,,269.07,1.58,25.43,0.14,,,
327,Cole Kmet,CHI,TE,53.6,169.73,0.83,0.2,ACTIVE,,,,,,,,219.15,1.67,21.68,0.13,,,
328,Ja'Tavion Sanders,CAR,TE,42.31,169.94,0.29,0.07,ACTIVE,,,,,,,,164.29,1.08,19.53,0.14,,,
329,Noah Gray,KC,TE,60.97,169.91,0.32,0.07,ACTIVE,,,,,,,,262.9,1.44,26.17,0.13,,,
330,Eli Stowers,PHI,TE,29,169.96,0.8,0.06,QUESTIONABLE,,,,,19.89,0.17,3,106.9,0.77,10.76,0.1,,,
331,Tyler Higbee,LAR,TE,38.09,169.86,0.42,0.08,ACTIVE,,,,,,,,154.42,1.25,15.28,0.08,,,
332,Max Klare,LAR,TE,9.95,169.98,0.2,0.02,ACTIVE,,,,,,,,38.16,0.36,4.02,0.03,,,
333,Tommy Tremble,CAR,TE,43.63,169.94,0.18,0.05,ACTIVE,,,,,,,,176.53,1.28,18.44,0.14,,,
334,Austin Hooper,ATL,TE,43.45,169.98,0.12,0.03,ACTIVE,,,,,,,,181.16,0.82,20.56,0.14,,,
335,Ty Simpson,LAR,QB,10.04,169.94,0.5,0.03,ACTIVE,146.34,1.19,0.02,0.59,4.83,0.06,,,,,0.16,,,
336,Jameis Winston,NYG,QB,8.63,169.94,0.35,0.02,ACTIVE,163.23,0.92,0.05,0.9,2.66,0.03,,,,,0.16,,,
337,Anthony Richardson Sr.,IND,QB,,169.97,0.21,0.02,ACTIVE,,,,,,,,,,,,,,
338,Jarrett Stidham,DEN,QB,10.44,169.97,0.11,0.01,ACTIVE,161.52,1.1,0.07,0.58,6.78,0.05,1,,,,0.2,,,
339,Nick Mullens,JAX,QB,10.34,170,0.06,0.01,ACTIVE,179.46,1.14,0.04,0.84,3.39,0.03,,,,,0.15,,,
340,Jake Browning,TB,QB,10.26,169.99,0.07,0.01,ACTIVE,162.73,1.05,0.09,0.72,5.49,0.09,1,,,,0.13,,,
341,Tommy DeVito,NE,QB,10.31,169.92,0.2,0.02,ACTIVE,149.92,0.99,0.04,0.41,9.5,0.07,1,,,,0.14,,,
342,Marcus Mariota,WSH,QB,10.22,169.99,0.12,0.01,QUESTIONABLE,166.05,0.96,0.07,0.67,9.78,0.06,1,,,,0.21,,,
343,Tyson Bagent,CHI,QB,10.09,169.98,0.14,0.01,ACTIVE,155.92,1.03,0.07,0.55,5.91,0.08,1,,,,0.19,,,
344,Sam Howell,DAL,QB,9.55,169.98,0.08,0.01,ACTIVE,144.45,1.05,0.04,0.72,6.93,0.07,1,,,,0.11,,,
345,Daniel Carlson,NO,K,137.93,170.03,0.43,0.28,ACTIVE,,,,,,,,,,,,5.92,31.72,1.41
346,Wil Lutz,DEN,K,135.87,169.74,5.51,4.14,ACTIVE,,,,,,,,,,,,5.4,39.07,1.87
347,Tyler Bass,BUF,K,136.79,169.59,4.59,3.14,ACTIVE,,,,,,,,,,,,4.99,47.49,2.42
348,Dominic Zvada,NYG,K,137.18,169.92,1.37,0.97,ACTIVE,,,,,,,,,,,,5.68,35.33,1.51
349,Blake Grupe,IND,K,132.79,170.01,1.01,0.64,ACTIVE,,,,,,,,,,,,5.49,34.78,2.37
350,Drew Stevens,WSH,K,133.77,169.93,0.41,0.27,ACTIVE,,,,,,,,,,,,5.51,35.28,2.29
351,Andy Borregales,NE,K,129.12,170.08,2.99,2.34,ACTIVE,,,,,,,,,,,,4.88,41.99,2.88
352,Riley Patterson,MIA,K,127.38,169.92,0.35,0.22,ACTIVE,,,,,,,,,,,,5.74,24.31,0.71
353,Matt Gay,LV,K,125.1,169.54,1.57,0.97,ACTIVE,,,,,,,,,,,,5.48,27.1,1.84
354,Ryan Fitzgerald,CAR,K,124.07,169.76,0.77,0.52,ACTIVE,,,,,,,,,,,,5.32,28.77,1.35
355,Joey Slye,TEN,K,123.36,169.85,0.64,0.45,ACTIVE,,,,,,,,,,,,5.25,29.39,1.62
356,Chad Ryland,ARI,K,121.66,169.89,0.39,0.25,ACTIVE,,,,,,,,,,,,5.34,26.54,2.26
357,Andre Szmyt,CLE,K,121.74,169.87,0.45,0.33,ACTIVE,,,,,,,,,,,,5.41,24.54,0.79
358,Jason Sanders,NYJ,K,128.42,169.85,0.69,0.49,ACTIVE,,,,,,,,,,,,5.53,28.82,0.59
359,Bengals D/ST,CIN,DST,73.47,169.85,2.67,1.53,,,,,,,,,,,,,,,
360,Giants D/ST,NYG,DST,69.96,169.56,2.72,1.54,,,,,,,,,,,,,,,
361,Titans D/ST,TEN,DST,66.71,169.94,4.89,4.2,,,,,,,,,,,,,,,
362,Panthers D/ST,CAR,DST,62.27,169.83,1.16,0.61,,,,,,,,,,,,,,,
363,Commanders D/ST,WSH,DST,61.34,169.7,1.13,0.65,,,,,,,,,,,,,,,
364,Falcons D/ST,ATL,DST,60.57,170.12,1.49,0.93,,,,,,,,,,,,,,,
365,Bills D/ST,BUF,DST,58.53,168.94,4.91,2.89,,,,,,,,,,,,,,,
366,Raiders D/ST,LV,DST,53.87,169.75,1.63,1.14,,,,,,,,,,,,,,,
367,Cardinals D/ST,ARI,DST,50.73,169.81,0.43,0.25,,,,,,,,,,,,,,,
368,Dolphins D/ST,MIA,DST,44.71,169.56,0.81,0.54,,,,,,,,,,,,,,,
369,Savion Williams,GB,WR,60.59,170.12,0.48,0.04,ACTIVE,,,,,46.91,0.32,9,230.84,1.69,20.48,0.28,,,
370,Kyle Williams,NE,WR,51.2,169.94,0.39,0.03,ACTIVE,,,,,22.36,0.19,4,232.25,1.4,16.04,0.2,,,
371,Troy Franklin,DEN,WR,50.74,170.07,1.48,0.05,ACTIVE,,,,,10.6,0.08,2,216.39,1.78,16.97,0.16,,,
372,Kendrick Bourne,ARI,WR,50.29,170.01,0.17,0.04,ACTIVE,,,,,,,,239.21,0.66,22.76,0.23,,,
373,Xavier Hutchinson,HOU,WR,49.78,170.19,0.45,0.03,ACTIVE,,,,,12.42,0.07,2,229.75,1.1,18.72,0.17,,,
374,Malik Benson,LV,WR,48.33,169.99,0.16,0.01,ACTIVE,,,,,,,,244.43,0.79,19.44,0.2,,,
375,Kalif Raymond,CHI,WR,47.97,169.97,0.2,0.04,ACTIVE,,,,,27.16,0.16,5,186.86,0.89,19.17,0.24,,,
376,Dyami Brown,WSH,WR,46.96,169.99,0.18,0.02,ACTIVE,,,,,,,,216.9,1.59,15.85,0.18,,,
377,Treylon Burks,WSH,WR,44.96,169.99,0.13,0.01,ACTIVE,,,,,,,,217.76,1.36,15.04,0.12,,,
378,Kyle Juszczyk,SF,RB,44.84,169.95,0.45,0.09,QUESTIONABLE,,,,,18.59,0.15,3,161.5,0.94,20.42,0.13,,,
379,Joshua Palmer,BUF,WR,44.76,169.94,0.23,0.03,ACTIVE,,,,,,,,205.43,1.24,16.87,0.15,,,
380,Devontez Walker,BAL,WR,43.96,169.96,0.13,0.02,ACTIVE,,,,,,,,208.8,1.46,14.49,0.15,,,
381,Elijah Higgins,ARI,TE,42.97,169.96,0.13,0.03,ACTIVE,,,,,,,,182.05,0.68,20.9,0.15,,,
382,Will Kacmarek,MIA,TE,39.92,169.97,0.1,0.02,ACTIVE,,,,,,,,174.37,0.76,18.1,0.12,,,
383,Colbie Young,CIN,WR,39.61,169.96,0.2,0.02,ACTIVE,,,,,,,,176.28,1.34,14.08,0.14,,,
384,Bryce Lance,NO,WR,39.52,169.98,0.24,0.03,ACTIVE,,,,,,,,193.2,0.88,15.1,0.15,,,
385,Chimere Dike,TEN,WR,39.44,169.96,1.21,0.17,ACTIVE,,,,,50.34,0.57,10,112.22,0.78,10.64,0.21,,,
386,Drew Sample,CIN,TE,38.82,169.97,0.08,0.02,ACTIVE,,,,,,,,146.31,1.17,17.31,0.12,,,
387,Josh Oliver,MIN,TE,38.41,169.94,0.13,0.03,ACTIVE,,,,,,,,150.83,1.13,16.65,0.14,,,
388,Jaylin Lane,WSH,WR,37.33,169.99,0.11,0.01,ACTIVE,,,,,,,,159.46,1.08,12.43,0.13,,,
389,Eli Raridon,NE,TE,37.08,169.95,0.3,0.03,ACTIVE,,,,,,,,150.76,1.1,15.52,0.11,,,
390,Charlie Kolar,LAC,TE,36.19,169.98,0.09,0.02,ACTIVE,,,,,,,,148.83,1.13,14.67,0.1,,,
391,Zavion Thomas,CHI,WR,36.18,169.96,0.28,0.02,ACTIVE,,,,,,,,153.52,1.22,12.47,0.13,,,
392,Noah Fant,NO,TE,36.08,169.97,0.15,0.03,ACTIVE,,,,,,,,145.32,0.8,16.9,0.12,,,
393,Jonnu Smith,GB,TE,,169.97,0.15,0.02,ACTIVE,,,,,,,,,,,,,,
394,Isaiah Bond,CLE,WR,30.88,169.98,0.22,0.02,ACTIVE,,,,,23.59,0.12,4,132.54,0.78,10,0.14,,,
395,Cade Stover,HOU,TE,34.7,169.97,0.08,0.02,ACTIVE,,,,,9.67,0.1,1,133.4,0.74,15.48,0.13,,,
396,John Bates,WSH,TE,34.59,169.98,0.05,0.01,QUESTIONABLE,,,,,,,,135.79,1.16,14.13,0.14,,,
397,Hollywood Brown,PHI,WR,33.76,169.95,0.63,0.06,ACTIVE,,,,,,,,153.76,1.02,12.43,0.13,,,
398,Elijah Sarratt,BAL,WR,33.61,169.98,0.45,0.03,ACTIVE,,,,,,,,165.8,1.01,11.12,0.11,,,
399,Olamide Zaccheaus,ATL,WR,32.31,169.99,0.13,0.02,ACTIVE,,,,,,,,142.3,0.63,14.29,0.15,,,
400,Jordan Whittington,LAR,WR,31.66,169.96,0.17,0.04,ACTIVE,,,,,12.09,0.12,2,128.22,0.91,11.26,0.13,,,
401,Kevin Coleman Jr.,MIA,WR,31.13,169.99,0.12,0.01,ACTIVE,,,,,,,,161.04,0.41,12.78,0.13,,,
402,Isaiah Williams,NYJ,WR,31.02,169.98,0.14,0.02,ACTIVE,,,,,12.71,0.11,2,114.15,0.43,11.75,0.14,,,
403,Ashton Dulin,IND,WR,29.89,169.97,0.1,0.02,ACTIVE,,,,,26.26,0.17,5,125.51,0.59,10.02,0.14,,,
404,Tanner Hudson,CIN,TE,29.4,169.98,0.04,0.01,ACTIVE,,,,,,,,110.28,0.9,13.09,0.09,,,
405,Konata Mumpfield,LAR,WR,29.24,169.97,0.11,0.01,ACTIVE,,,,,,,,126.71,1.14,9.87,0.1,,,
406,Roman Wilson,PIT,WR,28.87,169.97,0.2,0.02,ACTIVE,,,,,,,,135.06,0.63,11.78,0.12,,,
407,Adam Trautman,DEN,TE,28.8,169.96,0.1,0.02,ACTIVE,,,,,,,,113.3,0.97,11.69,0.08,,,
408,Skyler Bell,BUF,WR,28.49,169.94,0.66,0.02,ACTIVE,,,,,,,,136.51,0.8,10.1,0.1,,,
409,Luke Schoonmaker,DAL,TE,27.68,169.92,0.17,0.03,ACTIVE,,,,,,,,110.06,0.89,11.37,0.06,,,
410,Mo Alie-Cox,IND,TE,27.55,169.97,0.08,0.02,ACTIVE,,,,,,,,113.85,0.92,10.66,0.09,,,
411,Brenen Thompson,LAC,WR,27.52,169.98,0.19,0.01,QUESTIONABLE,,,,,11.33,0.1,2,121.66,0.71,9.53,0.11,,,
412,Jackson Hawes,BUF,TE,27.43,169.96,0.09,0.02,ACTIVE,,,,,,,,110.14,0.89,11.09,0.08,,,
413,Daniel Bellinger,TEN,TE,26.76,169.99,0.06,0.01,ACTIVE,,,,,,,,112.55,0.5,12.66,0.08,,,
414,Ben Sinnott,WSH,TE,26.64,169.98,0.08,0.01,QUESTIONABLE,,,,,,,,106.72,0.81,11.12,0.08,,,
415,Jeremy Ruckert,NYJ,TE,25.29,169.98,0.06,0.01,ACTIVE,,,,,,,,96.37,0.54,12.41,0.07,,,
416,Hunter Luepke,DAL,RB,25.06,169.98,0.14,0.02,ACTIVE,,,,,56.5,0.44,11,61.62,0.35,8.57,0.07,,,
417,Odell Beckham Jr.,NYG,WR,24.09,169.45,2.87,0.23,ACTIVE,,,,,,,,113.21,0.6,9.23,0.08,,,
418,Elic Ayomanor,TEN,WR,23.93,169.99,0.22,0.02,ACTIVE,,,,,,,,115.54,0.62,8.84,0.09,,,
419,Durham Smythe,BAL,TE,23.59,169.98,0.06,0.01,ACTIVE,,,,,,,,94.03,0.73,9.82,0.05,,,
420,Tez Johnson,TB,WR,21.56,169.98,0.2,0.02,ACTIVE,,,,,23.24,0.21,4,77.52,0.6,6.66,0.1,,,
421,Jimmy Horn Jr.,CAR,WR,21.23,169.96,0.15,0.02,ACTIVE,,,,,36.72,0.17,7,75.64,0.41,6.66,0.12,,,
422,Davis Allen,LAR,TE,19.52,169.98,0.03,0.01,QUESTIONABLE,,,,,,,,73.64,0.74,7.81,0.05,,,
423,Foster Moreau,HOU,TE,19,169.99,0.04,0.01,ACTIVE,,,,,,,,78.83,0.58,7.66,0.06,,,
424,Nate Adkins,DEN,TE,18.72,169.99,0.03,0.01,ACTIVE,,,,,,,,68.78,0.67,7.83,0.05,,,
425,Brock Wright,DET,TE,18.58,169.91,0.16,0.04,ACTIVE,,,,,,,,72.17,0.62,7.71,0.04,,,
426,Nate Boerkircher,JAX,TE,18.47,169.99,0.07,0.01,ACTIVE,,,,,,,,73.59,0.56,7.81,0.05,,,
427,Luke McCaffrey,WSH,WR,18.47,169.91,0.37,0.07,ACTIVE,,,,,,,,80.26,0.5,6.71,0.07,,,
428,Christian Kirk,SF,WR,27.52,169.92,1.06,0.08,QUESTIONABLE,,,,,,,,129.23,0.83,9.7,0.09,,,
429,Jalen Royals,KC,WR,18.41,169.97,0.14,0.01,ACTIVE,,,,,,,,78.32,0.64,6.83,0.07,,,
430,KeAndre Lambert-Smith,LAC,WR,18.14,169.97,0.08,0.01,ACTIVE,,,,,,,,80.61,0.57,6.42,0.07,,,
431,Payne Durham,TB,TE,18.08,169.99,0.04,0.01,ACTIVE,,,,,,,,70.55,0.63,7.23,0.05,,,
432,Oscar Delp,NO,TE,18.03,169.98,0.17,0.02,QUESTIONABLE,,,,,,,,74.11,0.48,7.79,0.05,,,
433,Mason Tipton,NO,WR,17.41,169.99,0.04,0.01,OUT,,,,,,,,80.53,0.33,6.79,0.07,,,
434,Nick Westbrook-Ikhine,IND,WR,17.27,169.99,0.16,0.02,ACTIVE,,,,,,,,76.63,0.58,6.11,0.05,,,
435,Joe Royer,CLE,TE,16.41,169.99,0.06,0.01,QUESTIONABLE,,,,,,,,67.99,0.34,7.61,0.05,,,
436,Alec Ingold,LAC,RB,16.38,169.99,0.06,0.01,ACTIVE,,,,,8.59,0.08,1,58.67,0.23,7.92,0.06,,,
437,Dont'e Thornton Jr.,LV,WR,16.06,169.98,0.11,0.01,QUESTIONABLE,,,,,,,,82.97,0.3,6.04,0.06,,,
438,Greg Dortch,DET,WR,16.01,169.97,0.11,0.02,ACTIVE,,,,,23.97,0.37,4,39.67,0.27,4.1,0.09,,,
439,Ben Sims,MIA,TE,15.41,169.99,0.03,0.01,QUESTIONABLE,,,,,,,,65.27,0.33,6.97,0.05,,,
440,Malachi Corley,CLE,WR,9.56,169.99,0.05,0.01,ACTIVE,,,,,43.95,0.21,8,16.82,0.05,1.68,0.07,,,
441,Barion Brown,NO,WR,13.2,169.97,0.17,0.02,ACTIVE,,,,,,,,57.31,0.27,4.59,0.05,,,
442,Derius Davis,LAC,WR,11.69,169.99,0.04,0.01,ACTIVE,,,,,11.02,0.07,2,38.09,0.27,3.49,0.06,,,
443,Xavier Smith,LAR,WR,11.57,169.97,0.09,0.01,ACTIVE,,,,,,,,44.41,0.32,3.58,0.04,,,
444,Tyrell Shavers,BUF,WR,10.97,169.99,0.06,0.01,OUT,,,,,,,,52.12,0.29,4.03,0.04,,,
445,Adam Prentice,DEN,RB,10.51,169.98,0.05,0.01,ACTIVE,,,,,17.42,0.13,3,29.86,0.15,4.13,0.04,,,
446,Connor Heyward,LV,RB,10.26,169.98,0.08,0.01,ACTIVE,,,,,17.42,0.12,3,28.95,0.16,3.97,0.03,,,
447,Michael Burton,CLE,RB,10.12,169.98,0.05,0.01,ACTIVE,,,,,17.71,0.1,3,26.71,0.15,4.22,0.04,,,
448,Efton Chism III,NE,WR,10.07,169.95,0.16,0.02,ACTIVE,,,,,,,,42.67,0.3,3.5,0.04,,,
449,Bo Melton,GB,WR,11.71,169.97,0.09,0.01,ACTIVE,,,,,25.94,0.14,5,37.42,0.25,2.94,0.07,,,
450,Mitchell Tinsley,CIN,WR,9.77,169.98,0.08,0.01,ACTIVE,,,,,,,,41.77,0.39,3.28,0.03,,,
451,Max Bredeson,MIN,RB,9.62,169.98,0.05,0.01,ACTIVE,,,,,8.47,0.06,1,29.44,0.17,4.5,0.03,,,
452,CJ Daniels,LAR,WR,9.6,169.97,0.13,0.01,ACTIVE,,,,,,,,42.82,0.34,3.35,0.03,,,
453,Justin Joly,DEN,TE,9.59,169.97,0.11,0.01,ACTIVE,,,,,,,,37.85,0.3,4.01,0.03,,,
454,Tanner McKee,PHI,QB,9.48,169.96,0.09,0.01,ACTIVE,153.04,0.95,0.04,0.49,3.74,0.04,,,,,0.08,,,
455,Brevyn Spann-Ford,DAL,TE,9.48,169.97,0.09,0.01,ACTIVE,,,,,,,,36.73,0.33,3.85,0.03,,,
456,Demarcus Robinson,SF,WR,9.48,169.97,0.1,0.02,ACTIVE,,,,,,,,43.9,0.31,3.28,0.04,,,
457,Drew Allar,PIT,QB,9.47,169.91,0.41,0.02,ACTIVE,160.3,0.86,0.03,0.5,5.65,0.05,1,,,,0.16,,,
458,Trey Lance,LAC,QB,9.43,169.98,0.08,0.01,ACTIVE,147.51,0.98,0.03,0.57,6.83,0.04,1,,,,0.14,,,
459,Riley Leonard,IND,QB,9.41,169.98,0.08,0.01,ACTIVE,158.46,0.83,0.06,0.51,5.45,0.08,1,,,,0.19,,,
460,Luke Farrell,SF,TE,9.38,169.98,0.05,0.01,ACTIVE,,,,,,,,38.26,0.26,4,0.03,,,
461,CJ Dippre,NE,TE,9.24,169.98,0.04,0.01,ACTIVE,,,,,,,,37.37,0.28,3.88,0.03,,,
462,Tyrod Taylor,GB,QB,9.24,169.96,0.11,0.01,ACTIVE,135.91,0.85,0.03,0.52,12.36,0.07,2,,,,0.15,,,
463,Tanner Koziol,JAX,TE,9.22,170,0.03,0.01,ACTIVE,,,,,,,,36.68,0.28,3.91,0.03,,,
464,Ko Kieft,TB,TE,9.1,169.99,0.02,0.01,ACTIVE,,,,,,,,36.06,0.3,3.67,0.03,,,
465,Kenny Pickett,CAR,QB,9.05,169.96,0.12,0.01,ACTIVE,153.61,0.86,0.05,0.47,3.74,0.04,,,,,0.15,,,
466,Tai Felton,MIN,WR,9.01,169.97,0.13,0.01,ACTIVE,,,,,,,,37.06,0.24,3.72,0.04,,,
467,Spencer Rattler,NO,QB,8.96,169.98,0.09,0.01,ACTIVE,153.46,0.81,0.04,0.51,7.11,0.02,1,,,,0.17,,,
468,Tyler Conklin,DET,TE,8.94,169.97,0.07,0.01,ACTIVE,,,,,,,,37.92,0.25,3.68,0.03,,,
469,Marlin Klein,HOU,TE,8.88,169.98,0.11,0.01,ACTIVE,,,,,,,,36.06,0.22,3.96,0.03,,,
470,Drew Ogletree,IND,TE,8.83,169.99,0.03,0.01,ACTIVE,,,,,,,,36.25,0.27,3.6,0.02,,,
471,Josh Whyle,GB,TE,8.79,169.98,0.05,0.01,ACTIVE,,,,,,,,32.95,0.32,3.61,0.02,,,
472,Sam Roush,CHI,TE,8.7,169.97,0.11,0.01,ACTIVE,,,,,,,,33.78,0.28,3.65,0.02,,,
473,Jahdae Walker,CHI,WR,8.66,169.95,0.17,0.02,ACTIVE,,,,,,,,35.54,0.33,3.17,0.03,,,
474,Tyler Huntley,BAL,QB,8.66,169.97,0.1,0.01,ACTIVE,128.69,0.86,0.04,0.51,9.48,0.05,1,,,,0.13,,,
475,Joshua Dobbs,DET,QB,8.65,169.94,0.1,0.01,ACTIVE,132.92,0.92,0.03,0.59,6.77,0.1,1,,,,0.23,,,
476,Matthew Hibner,BAL,TE,8.64,169.98,0.09,0.01,ACTIVE,,,,,,,,35.8,0.29,3.33,0.02,,,
477,Josh Cuevas,BAL,TE,8.64,169.98,0.04,0.01,ACTIVE,,,,,,,,35.8,0.29,3.33,0.02,,,
478,Eric Saubert,SEA,TE,8.62,169.99,0.05,0.01,ACTIVE,,,,,,,,34.38,0.3,3.42,0.02,,,
479,Justin Watson,HOU,WR,8.53,169.97,0.05,0.01,ACTIVE,,,,,,,,41.32,0.22,3.09,0.03,,,
480,Darius Cooper,PHI,WR,8.51,169.96,0.11,0.01,ACTIVE,,,,,,,,37.69,0.25,3.26,0.03,,,
481,Tip Reiman,ARI,TE,8.41,169.99,0.03,0.01,OUT,,,,,,,,34.43,0.2,3.82,0.03,,,
482,Andrew Beck,NYJ,RB,8.41,169.98,0.05,0.01,ACTIVE,,,,,,,,28.45,0.23,4.19,0.02,,,
483,Davis Mills,HOU,QB,8.39,169.99,0.06,0.01,ACTIVE,146.58,0.8,0.06,0.55,3.85,0.03,,,,,0.14,,,
484,Jonathan Mingo,DAL,WR,8.38,169.96,0.1,0.01,ACTIVE,,,,,,,,40.56,0.25,2.86,0.03,,,
485,Ian Thomas,LV,TE,8.29,169.99,0.03,0.01,ACTIVE,,,,,,,,35.98,0.15,3.81,0.02,,,
486,Charlie Woerner,ATL,TE,8.24,169.99,0.03,0.01,ACTIVE,,,,,,,,32.71,0.18,3.93,0.03,,,
487,Johnny Mundt,PHI,TE,8.23,169.99,0.04,0.01,ACTIVE,,,,,,,,35.39,0.21,3.45,0.02,,,
488,Cade Klubnik,NYJ,QB,8.2,169.97,0.16,0.01,ACTIVE,143.42,0.77,0.1,0.83,6.65,0.08,1,,,,0.16,,,
489,Riley Nowakowski,PIT,RB,8.11,169.98,0.07,0.01,ACTIVE,,,,,,,,29.18,0.16,4.26,0.02,,,
490,Reggie Virgil,ARI,WR,8.09,169.98,0.07,0.01,ACTIVE,,,,,,,,39.25,0.14,3.36,0.03,,,
491,Kyle Allen,BUF,QB,8.06,169.95,0.11,0.01,ACTIVE,138.11,0.92,0.09,0.7,2.93,0.04,,,,,0.24,,,
492,Brycen Tremayne,CAR,WR,7.99,169.99,0.03,0.01,ACTIVE,,,,,,,,36.07,0.16,3.3,0.03,,,
493,Drew Lock,SEA,QB,7.98,169.96,0.11,0.01,ACTIVE,134.31,0.81,0.04,0.57,5.19,0.05,1,,,,0.18,,,
494,Reggie Gilliam,NE,RB,7.95,169.98,0.08,0.01,ACTIVE,,,,,,,,29.83,0.15,4.1,0.02,,,
495,Mitchell Trubisky,TEN,QB,7.77,169.98,0.06,0.01,QUESTIONABLE,154.22,0.68,0.01,0.71,2.5,0.05,,,,,0.13,,,
496,Blake Whiteheart,CLE,TE,7.74,169.99,0.03,0.01,ACTIVE,,,,,,,,31.67,0.17,3.57,0.02,,,
497,Patrick Ricard,NYG,RB,7.39,169.97,0.09,0.02,ACTIVE,,,,,,,,26.81,0.13,3.92,0.02,,,
498,Quinn Ewers,MIA,QB,7.3,169.96,0.11,0.01,ACTIVE,153.15,0.57,0.03,0.6,4.02,0.02,,,,,0.24,,,
499,Gardner Minshew II,ARI,QB,7.15,169.98,0.07,0.01,ACTIVE,141.62,0.63,0.03,0.59,2.55,0.03,,,,,0.18,,,
500,Chris Manhertz,NYG,TE,4.14,169.98,0.04,0.01,ACTIVE,,,,,,,,16.29,0.12,1.82,0.01,,,
501,Kaden Wetjen,PIT,WR,4.08,169.96,0.18,0.02,ACTIVE,,,,,11.68,0.08,2,,,,0.02,,,
502,Ben Skowronek,PIT,WR,3.89,169.97,0.08,0.01,ACTIVE,,,,,,,,16.95,0.07,1.78,0.01,,,
503,Kameron Johnson,TB,WR,3.6,169.99,0.04,0.01,ACTIVE,,,,,12.07,0.11,2,,,,0.02,,,
504,Arian Smith,NYJ,WR,3.51,169.98,0.05,0.01,ACTIVE,,,,,23.68,0.2,4,,,,0.04,,,
505,Braxton Berrios,NYG,WR,2.49,169.96,0.1,0.03,ACTIVE,,,,,,,,,,,,,,
506,Charlie Jones,CIN,WR,2.47,169.98,0.06,0.01,ACTIVE,,,,,,,,,,,,,,
507,British Brooks,HOU,RB,2.38,169.99,0.04,0.01,QUESTIONABLE,,,,,18.03,0.1,3,,,,0.02,,,
508,Myles Price,MIN,WR,1.95,169.96,0.12,0.03,ACTIVE,,,,,,,,,,,,,,
509,LaJohntay Wester,BAL,WR,1.87,169.98,0.06,0.01,ACTIVE,,,,,,,,,,,,,,
510,Jalen Reagor,MIA,WR,1.74,169.99,0.03,0.01,ACTIVE,,,,,,,,8.95,0.03,0.7,0.01,,,
511,Britain Covey,PHI,WR,1.66,169.98,0.04,0.01,QUESTIONABLE,,,,,,,,,,,,,,
512,Nikko Remigio,KC,WR,1.43,169.99,0.05,0.01,ACTIVE,,,,,,,,,,,,,,
513,Anthony Gould,IND,WR,1.43,170,0.04,0.01,QUESTIONABLE,,,,,,,,,,,,,,
514,Ihmir Smith-Marsette,ARI,WR,1.27,169.99,0.02,0.01,QUESTIONABLE,,,,,,,,,,,,,,
515,Jacob Cowing,SF,WR,1.06,169.99,0.04,0.01,QUESTIONABLE,,,,,,,,,,,,,,
516,Ke'Shawn Williams,CIN,WR,0.99,169.99,0.03,0.01,ACTIVE,,,,,,,,,,,,,,
517,Devin Duvernay,ARI,WR,0.8,169.99,0.04,0.01,ACTIVE,,,,,,,,,,,,,,
518,Gage Larvadain,CLE,WR,0.71,169.99,0.02,0.01,ACTIVE,,,,,,,,,,,,,,
519,Skyy Moore,GB,WR,0.4,169.97,0.09,0.01,ACTIVE,,,,,,,,,,,,,,
520,Dareke Young,LV,WR,0.36,169.99,0.02,0.01,ACTIVE,,,,,,,,,,,,,,
521,Josh Cameron,JAX,WR,0.34,169.98,0.05,0.01,ACTIVE,,,,,,,,,,,,,,
522,Jalen Brooks,ARI,WR,0.29,169.98,0.04,0.01,ACTIVE,,,,,,,,,,,,,,
523,Michael Bandy,DEN,WR,0.18,169.99,0.02,0.01,ACTIVE,,,,,,,,,,,,,,
524,Jeshaun Jones,MIN,WR,0.08,169.98,0.03,0.01,SUSPENSION,,,,,,,,,,,,,,
525,Mason Kinsey,TEN,WR,0.07,169.99,0.03,0.01,ACTIVE,,,,,,,,,,,,,,
526,Chris Moore,BAL,WR,,170,0.02,0,ACTIVE,,,,,,,,,,,,,,
527,Robert Tonyan,PIT,TE,,169.99,0.04,0.01,ACTIVE,,,,,,,,,,,,,,
528,Trent Sherfield,BUF,WR,,169.99,0.02,0.01,ACTIVE,,,,,,,,,,,,,,
529,Laquon Treadwell,IND,WR,0,169.99,0.02,0.01,ACTIVE,,,,,,,,,,,,,,
530,Nick Vannett,SEA,TE,,169.99,0.02,0.01,ACTIVE,,,,,,,,,,,,,,
531,Ray-Ray McCloud III,CHI,WR,,169.95,0.07,0.01,ACTIVE,,,,,,,,,,,,,,
532,Cedrick Wilson Jr.,0,WR,,169.98,0.04,0,QUESTIONABLE,,,,,,,,,,,,,,
533,Malik Turner,SF,WR,,169.99,0.02,0,ACTIVE,,,,,,,,,,,,,,
534,Brandon Allen,NYG,QB,,169.99,0.02,0,ACTIVE,,,,,,,,,,,,,,
535,Cooper Rush,ATL,QB,,169.99,0.03,0,ACTIVE,,,,,,,,,,,,,,
536,Dare Ogunbowale,LV,RB,,169.99,0.04,0.01,ACTIVE,,,,,,,,,,,,,,
537,Mason Rudolph,PIT,QB,0,169.98,0.08,0.01,ACTIVE,,,,,,,,,,,,,,
538,Jeremy McNichols,WSH,RB,,169.99,0.04,0.01,QUESTIONABLE,,,,,,,,,,,,,,
539,KhaDarel Hodge,SF,WR,,169.99,0.01,0.01,ACTIVE,,,,,,,,,,,,,,
540,Phillip Dorsett II,LV,WR,,169.98,0.02,0.01,ACTIVE,,,,,,,,,,,,,,
541,Trayveon Williams,DET,RB,,169.96,0.04,0.01,ACTIVE,,,,,,,,,,,,,,
542,Ameer Abdullah,JAX,RB,,169.99,0.05,0.01,ACTIVE,,,,,,,,,,,,,,
543,Brett Rypien,HOU,QB,,169.99,0.01,0,ACTIVE,,,,,,,,,,,,,,
544,Scotty Miller,CHI,WR,,169.98,0.05,0.01,ACTIVE,,,,,,,,,,,,,,
545,Easton Stick,IND,QB,,169.99,0.02,0.01,ACTIVE,,,,,,,,,,,,,,
546,Mecole Hardman Jr.,BUF,WR,,169.97,0.07,0.01,ACTIVE,,,,,,,,,,,,,,
547,Devin Singletary,NYG,RB,0,169.98,0.47,0.04,ACTIVE,,,,,,,,,,,,,,
548,Travis Homer,PIT,RB,,169.98,0.03,0.01,ACTIVE,,,,,,,,,,,,,,
549,David Moore,CAR,WR,0,169.97,0.05,0.01,ACTIVE,,,,,,,,,,,,,,
550,Dante Pettis,BUF,WR,,169.99,0.02,0.01,ACTIVE,,,,,,,,,,,,,,
551,Tim Patrick,NYJ,WR,,169.98,0.05,0.01,ACTIVE,,,,,,,,,,,,,,
552,Zay Jones,HOU,WR,,169.98,0.02,0,ACTIVE,,,,,,,,,,,,,,
553,Marquez Valdes-Scantling,DAL,WR,,169.97,0.09,0.01,ACTIVE,,,,,,,,,,,,,,
554,Sterling Shepard,HOU,WR,,169.99,0.03,0,ACTIVE,,,,,,,,,,,,,,
555,Carson Wentz,MIN,QB,,169.97,0.07,0.01,ACTIVE,,,,,,,,,,,,,,
556,Andy Dalton,PHI,QB,,169.98,0.06,0.01,ACTIVE,,,,,,,,,,,,,,
557,Case Keenum,CHI,QB,,169.99,0.04,0.01,ACTIVE,,,,,,,,,,,,,,
558,Josh Johnson,CIN,QB,0,169.98,0.04,0.01,ACTIVE,,,,,,,,,,,,,,
559,Lil'Jordan Humphrey,DEN,WR,,169.89,0.22,0.05,ACTIVE,,,,,,,,,,,,,,
560,Gunner Olszewski,NYG,WR,0,169.98,0.03,0.01,INJURY_RESERVE,,,,,,,,,,,,,,
561,D'Ernest Johnson,TEN,RB,,169.99,0.02,0.01,ACTIVE,,,,,,,,,,,,,,
562,Stephen Carlson,CHI,TE,,169.99,0.01,0,ACTIVE,,,,,,,,,,,,,,
563,Pharaoh Brown,IND,TE,,169.99,0.01,0.01,ACTIVE,,,,,,,,,,,,,,
564,Craig Reynolds,WSH,RB,,169.99,0.01,0,ACTIVE,,,,,,,,,,,,,,
565,Tom Kennedy,DET,WR,,169.98,0.05,0.01,ACTIVE,,,,,,,,,,,,,,
566,Trenton Irwin,SF,WR,,169.99,0.01,0,ACTIVE,,,,,,,,,,,,,,
567,Brandon Aiyuk,SF,WR,,169.96,1.95,0.05,OUT,,,,,,,,,,,,,,
568,AJ Dillon,CAR,RB,,169.97,0.09,0.02,ACTIVE,,,,,,,,,,,,,,
569,Tyler Johnson,DAL,WR,,169.99,0.03,0.01,ACTIVE,,,,,,,,,,,,,,
570,Van Jefferson,WSH,WR,0,169.98,0.07,0.02,ACTIVE,,,,,,,,,,,,,,
571,Albert Okwuegbunam Jr.,LV,TE,,169.98,0.04,0.01,ACTIVE,,,,,,,,,,,,,,
572,Quez Watkins,PHI,WR,,169.99,0.03,0.01,ACTIVE,,,,,,,,,,,,,,
573,K.J. Osborn,TEN,WR,,170,0.02,0.01,ACTIVE,,,,,,,,,,,,,,
574,Isaiah Hodgins,NYG,WR,,169.99,0.03,0.01,ACTIVE,,,,,,,,,,,,,,
575,JaMycal Hasty,NE,RB,,169.99,0.02,0.01,ACTIVE,,,,,,,,,,,,,,
576,Salvon Ahmed,CHI,RB,,169.99,0.04,0.01,ACTIVE,,,,,,,,,,,,,,
577,Dan Chisena,CAR,WR,,169.99,0.01,0.01,INJURY_RESERVE,,,,,,,,,,,,,,
578,Jonathan Ward,BAL,RB,,169.99,0.02,0.01,ACTIVE,,,,,,,,,,,,,,
579,Lawrence Cager,WSH,TE,,170,0.01,0,ACTIVE,,,,,,,,,,,,,,
580,Michael Carter,TEN,RB,,169.99,0.06,0.01,ACTIVE,,,,,,,,,,,,,,
581,Trey Sermon,ATL,RB,,169.99,0.02,0,INJURY_RESERVE,,,,,,,,,,,,,,
582,Elijah Moore,PHI,WR,,169.98,0.05,0.01,ACTIVE,,,,,,,,,,,,,,
583,Terrace Marshall Jr.,MIA,WR,0,169.99,0.02,0.01,ACTIVE,,,,,,,,,,,,,,
584,Zach Wilson,NO,QB,,169.98,0.05,0.01,ACTIVE,,,,,,,,,,,,,,
585,Kyle Trask,CAR,QB,,169.99,0.01,0,ACTIVE,,,,,,,,,,,,,,
586,Jermar Jefferson,MIN,RB,,169.93,0.07,0.03,ACTIVE,,,,,,,,,,,,,,
587,Hunter Long,JAX,TE,0,169.99,0.02,0.01,ACTIVE,,,,,,,,,,,,,,
588,Gary Brightwell,CIN,RB,,169.99,0.02,0.01,ACTIVE,,,,,,,,,,,,,,
589,Khalil Herbert,SF,RB,,169.98,0.03,0.01,ACTIVE,,,,,,,,,,,,,,
590,Brevin Jordan,HOU,TE,,170,0.01,0,QUESTIONABLE,,,,,,,,,,,,,,
591,Tylan Wallace,CLE,WR,0,169.99,0.02,0,ACTIVE,,,,,,,,,,,,,,
592,Kylen Granson,TEN,TE,,170,0.01,0,ACTIVE,,,,,,,,,,,,,,
593,Simi Fehoko,ARI,WR,,169.99,0.02,0.01,ACTIVE,,,,,,,,,,,,,,
594,Sam Ehlinger,DEN,QB,,169.99,0.02,0,ACTIVE,,,,,,,,,,,,,,
595,Feleipe Franks,CAR,TE,,170,0.01,0,ACTIVE,,,,,,,,,,,,,,
596,Jaret Patterson,LAC,RB,,170,0.02,0.01,ACTIVE,,,,,,,,,,,,,,
597,Cody White,SEA,WR,,169.98,0.03,0,ACTIVE,,,,,,,,,,,,,,
598,Jack Stoll,0,TE,0,169.99,0.02,0.01,QUESTIONABLE,,,,,,,,,,,,,,
599,Shane Zylstra,BUF,TE,,170,0.01,0,ACTIVE,,,,,,,,,,,,,,
600,Patrick Taylor Jr.,0,RB,,169.98,0.02,0.01,QUESTIONABLE,,,,,,,,,,,,,,
601,D.J. Montgomery,IND,WR,,169.97,0.03,0.01,ACTIVE,,,,,,,,,,,,,,
602,David Sills V,TB,WR,,170,0.02,0,ACTIVE,,,,,,,,,,,,,,
603,John Metchie III,CAR,WR,,169.99,0.08,0.01,ACTIVE,,,,,,,,,,,,,,
604,Velus Jones Jr.,SEA,RB,,169.99,0.02,0.01,ACTIVE,,,,,,,,,,,,,,
605,Dameon Pierce,PHI,RB,,169.99,0.05,0.01,ACTIVE,,,,,,,,,,,,,,
606,Hassan Haskins,NE,RB,,169.99,0.02,0,ACTIVE,,,,,,,,,,,,,,
607,Zamir White,NO,RB,,169.98,0.07,0.01,ACTIVE,,,,,,,,,,,,,,
608,Jelani Woods,NYJ,TE,0,169.99,0.02,0.01,ACTIVE,,,,,,,,,,,,,,
609,Calvin Austin III,NYG,WR,0,169.98,0.15,0.02,INJURY_RESERVE,,,,,,,,,,,,,,
610,Danny Gray,PHI,WR,,170,0.01,0,QUESTIONABLE,,,,,,,,,,,,,,
611,Erik Ezukanma,PHI,WR,,169.99,0.01,0,ACTIVE,,,,,,,,,,,,,,
612,Pierre Strong Jr.,GB,RB,,169.99,0.05,0.01,ACTIVE,,,,,,,,,,,,,,
613,Grant Calcaterra,PHI,TE,0,169.98,0.04,0.01,QUESTIONABLE,,,,,,,,,,,,,,
614,Teagan Quitoriano,ARI,TE,,169.99,0.02,0.01,ACTIVE,,,,,,,,,,,,,,
615,Cole Turner,MIA,TE,0,169.99,0.01,0.01,INJURY_RESERVE,,,,,,,,,,,,,,
616,Ty Chandler,NO,RB,,169.99,0.03,0.01,INJURY_RESERVE,,,,,,,,,,,,,,
617,Bailey Zappe,NYJ,QB,,169.98,0.02,0,ACTIVE,,,,,,,,,,,,,,
618,Nick Muse,ATL,TE,,170,0.01,0,ACTIVE,,,,,,,,,,,,,,
619,James Mitchell,CAR,TE,,170,0.01,0,ACTIVE,,,,,,,,,,,,,,
620,Samori Toure,PHI,WR,,170,0.01,0,ACTIVE,,,,,,,,,,,,,,
621,Skylar Thompson,BAL,QB,,169.99,0.01,0,INJURY_RESERVE,,,,,,,,,,,,,,
622,Chris Oladokun,KC,QB,,169.99,0.02,0,ACTIVE,,,,,,,,,,,,,,
623,Brittain Brown,CHI,RB,,169.98,0.04,0.01,ACTIVE,,,,,,,,,,,,,,
624,Brandon Smith,PIT,WR,,169.99,0.01,0,QUESTIONABLE,,,,,,,,,,,,,,
625,Deven Thompkins,LV,WR,0,170,0.01,0,ACTIVE,,,,,,,,,,,,,,
626,Julius Chestnut,TEN,RB,,169.98,0.04,0.01,ACTIVE,,,,,,,,,,,,,,
627,Tim Jones,JAX,WR,,169.99,0.01,0,ACTIVE,,,,,,,,,,,,,,
628,Quintin Morris,JAX,TE,0,169.99,0.01,0.01,ACTIVE,,,,,,,,,,,,,,
629,Tanner Conner,NYG,TE,,169.99,0.01,0,ACTIVE,,,,,,,,,,,,,,
630,Shane Buechele,BUF,QB,,169.99,0.02,0,ACTIVE,,,,,,,,,,,,,,
631,Kendric Pryor,CIN,WR,,170,0.01,0,ACTIVE,,,,,,,,,,,,,,
632,Ronnie Rivers,LAR,RB,,169.98,0.06,0.01,ACTIVE,,,,,,,,,,,,,,
633,Nikola Kalinic,CHI,TE,,169.99,0.01,0,INJURY_RESERVE,,,,,,,,,,,,,,
634,Austin Trammell,JAX,WR,0,170,0.01,0,ACTIVE,,,,,,,,,,,,,,
635,Lucas Krull,DEN,TE,0,169.99,0.01,0.01,ACTIVE,,,,,,,,,,,,,,
636,Dennis Houston,TB,WR,,170,0.01,0,INJURY_RESERVE,,,,,,,,,,,,,,
637,Brandon Johnson,LV,WR,,170,0.01,0,ACTIVE,,,,,,,,,,,,,,
638,Tay Martin,DET,WR,,170,0.01,0,ACTIVE,,,,,,,,,,,,,,
639,Stone Smartt,PHI,TE,,169.99,0.01,0.01,ACTIVE,,,,,,,,,,,,,,
640,Maurice Alexander,CHI,WR,,170,0.02,0,ACTIVE,,,,,,,,,,,,,,
641,Roschon Johnson,CHI,RB,,169.98,0.12,0.01,ACTIVE,,,,,,,,,,,,,,
642,Deuce Vaughn,HOU,RB,,169.98,0.03,0.01,ACTIVE,,,,,,,,,,,,,,
643,Luke Musgrave,GB,TE,16.21,169.96,0.17,0.02,OUT,,,,,,,,67.44,0.35,7.47,0.05,,,
644,Will Levis,TEN,QB,,169.98,0.06,0.01,ACTIVE,,,,,,,,,,,,,,
645,Hendon Hooker,TEN,QB,,169.99,0.03,0.01,ACTIVE,,,,,,,,,,,,,,
646,Stetson Bennett IV,LAR,QB,0,169.97,0.09,0.01,ACTIVE,,,,,,,,,,,,,,
647,Jalin Hyatt,NYG,WR,,169.99,0.03,0,QUESTIONABLE,,,,,,,,,,,,,,
648,Cameron Latu,PHI,TE,,169.99,0.02,0.01,ACTIVE,,,,,,,,,,,,,,
649,Sean Clifford,CIN,QB,,169.99,0.02,0,ACTIVE,,,,,,,,,,,,,,
650,Justin Shorter,LV,WR,,170,0.01,0,INJURY_RESERVE,,,,,,,,,,,,,,
651,Evan Hull,ARI,RB,,170,0.02,0,ACTIVE,,,,,,,,,,,,,,
652,Israel Abanikanda,DAL,RB,,169.95,0.13,0.02,ACTIVE,,,,,,,,,,,,,,
653,Eric Gray,NYG,RB,,170,0.02,0,ACTIVE,,,,,,,,,,,,,,
654,Lew Nichols,PIT,RB,,169.99,0.01,0,ACTIVE,,,,,,,,,,,,,,
655,Tyler Scott,LAR,WR,,169.99,0.02,0,ACTIVE,,,,,,,,,,,,,,
656,Will Mallory,IND,TE,,170,0.01,0,QUESTIONABLE,,,,,,,,,,,,,,
657,Zack Kuntz,DAL,TE,,169.99,0.02,0.01,ACTIVE,,,,,,,,,,,,,,
658,Scott Matlock,LAC,RB,,169.99,0.03,0.01,ACTIVE,,,,,,,,,,,,,,
659,Jake Haener,NYG,QB,,170,0.01,0,ACTIVE,,,,,,,,,,,,,,
660,Ronnie Bell,NO,WR,,170,0.01,0,ACTIVE,,,,,,,,,,,,,,
661,Aidan O'Connell,LV,QB,0,169.98,0.03,0.01,ACTIVE,,,,,,,,,,,,,,
662,Trey Palmer,NO,WR,0,170,0.02,0,ACTIVE,,,,,,,,,,,,,,
663,Brayden Willis,SF,TE,,170,0.01,0,QUESTIONABLE,,,,,,,,,,,,,,
664,Jason Brownlee,KC,WR,,170,0.01,0,ACTIVE,,,,,,,,,,,,,,
665,Jaleel McLaughlin,DEN,RB,,169.98,0.07,0.01,ACTIVE,,,,,,,,,,,,,,
666,Malik Cunningham,DET,WR,,169.99,0.01,0,ACTIVE,,,,,,,,,,,,,,
667,Julian Hill,NE,TE,0,169.99,0.03,0.01,INJURY_RESERVE,,,,,,,,,,,,,,
668,Xavier Gipson,NYG,WR,,170,0.01,0,ACTIVE,,,,,,,,,,,,,,
669,Irv Charles,SEA,WR,,170,0.01,0,ACTIVE,,,,,,,,,,,,,,
670,Elijah Cooks,CAR,WR,,169.99,0.01,0,ACTIVE,,,,,,,,,,,,,,
671,Jake Bobo,SEA,WR,,169.97,0.11,0.01,INJURY_RESERVE,,,,,,,,,,,,,,
672,Ben VanSumeren,BUF,RB,,169.99,0.02,0.01,ACTIVE,,,,,,,,,,,,,,
673,Princeton Fant,DAL,TE,,170,0.01,0,INJURY_RESERVE,,,,,,,,,,,,,,
674,Shedrick Jackson,LV,WR,,169.99,0.01,0,ACTIVE,,,,,,,,,,,,,,
675,Brady Russell,SEA,RB,,169.99,0.02,0.01,ACTIVE,,,,,,,,,,,,,,
676,Ryan Miller,MIA,WR,,170,0.01,0,ACTIVE,,,,,,,,,,,,,,
677,Tyler Goodson,ATL,RB,,169.99,0.04,0.01,ACTIVE,,,,,,,,,,,,,,
678,Jordan Mims,PHI,RB,,169.99,0.01,0,ACTIVE,,,,,,,,,,,,,,
679,Owen Wright,HOU,RB,,170,0.01,0,ACTIVE,,,,,,,,,,,,,,
680,Chris Blair,ATL,WR,,170,0.02,0,ACTIVE,,,,,,,,,,,,,,
681,Dylan Drummond,ATL,WR,0,170,0.02,0,ACTIVE,,,,,,,,,,,,,,
682,Ricky Pearsall,SF,WR,0,169.93,9.96,0.26,INJURY_RESERVE,,,,,,,,,,,,,,
683,Trey Benson,ARI,RB,0,169.96,0.36,0.03,INJURY_RESERVE,,,,,,,,,,,,,,
684,Audric Estime,NO,RB,,169.99,0.07,0.01,ACTIVE,,,,,,,,,,,,,,
685,Jared Wiley,KC,TE,,169.99,0.02,0,ACTIVE,,,,,,,,,,,,,,
686,Bub Means,NO,WR,,169.99,0.04,0.01,ACTIVE,,,,,,,,,,,,,,
687,Casey Washington,CAR,WR,,170,0.01,0,ACTIVE,,,,,,,,,,,,,,
688,Cornelius Johnson,BAL,WR,,169.99,0.02,0,ACTIVE,,,,,,,,,,,,,,
689,Jamari Thrash,CLE,WR,,169.99,0.02,0,INJURY_RESERVE,,,,,,,,,,,,,,
690,Devin Culp,TB,TE,0,170,0.01,0,ACTIVE,,,,,,,,,,,,,,
691,Sione Vaki,DET,RB,,169.98,0.05,0.01,QUESTIONABLE,,,,,,,,,,,,,,
692,Tahj Washington,PHI,WR,0,170,0.02,0,ACTIVE,,,,,,,,,,,,,,
693,Tejhaun Palmer,NE,WR,,170,0.01,0,ACTIVE,,,,,,,,,,,,,,
694,Jaheim Bell,0,TE,,170,0.01,0,ACTIVE,,,,,,,,,,,,,,
695,Joe Milton III,DAL,QB,0,169.94,0.2,0.01,ACTIVE,,,,,,,,,,,,,,
696,Johnny Wilson,PHI,WR,,170,0.02,0,INJURY_RESERVE,,,,,,,,,,,,,,
697,Dante Miller,0,RB,,169.99,0.01,0,QUESTIONABLE,,,,,,,,,,,,,,
698,Carson Steele,PHI,RB,,169.97,0.06,0.01,ACTIVE,,,,,,,,,,,,,,
699,Colson Yankoff,WSH,TE,,169.98,0.03,0.01,ACTIVE,,,,,,,,,,,,,,
700,Xavier Weaver,ARI,WR,0,170,0.02,0,INJURY_RESERVE,,,,,,,,,,,,,,
701,Brenden Bates,0,TE,,170,0.01,0,QUESTIONABLE,,,,,,,,,,,,,,
702,Cody Schrader,DEN,RB,,169.99,0.02,0,ACTIVE,,,,,,,,,,,,,,
703,David Martin-Robinson,TEN,TE,,170,0.01,0,ACTIVE,,,,,,,,,,,,,,
704,Sincere McCormick,SF,RB,,169.99,0.03,0.01,ACTIVE,,,,,,,,,,,,,,
705,Alex Bachman,LAR,WR,,170,0.01,0,ACTIVE,,,,,,,,,,,,,,
706,Bryce Oliver,TEN,WR,,170,0.01,0,ACTIVE,,,,,,,,,,,,,,
707,Kaden Davis,CHI,WR,,170,0.01,0,ACTIVE,,,,,,,,,,,,,,
708,Kevin Austin Jr.,NO,WR,0,170,0.01,0,ACTIVE,,,,,,,,,,,,,,
709,Kendall Milton,CIN,RB,,169.99,0.01,0,ACTIVE,,,,,,,,,,,,,,
710,Carlos Washington Jr.,MIA,RB,,170,0.02,0.01,ACTIVE,,,,,,,,,,,,,,
711,Cam Grandy,CIN,TE,,170,0.01,0,ACTIVE,,,,,,,,,,,,,,
712,Jalen Moreno-Cropper,NO,WR,,170,0.01,0,ACTIVE,,,,,,,,,,,,,,
713,Frank Gore Jr.,BUF,RB,,169.97,0.09,0.02,ACTIVE,,,,,,,,,,,,,,
714,E.J. Jenkins,PHI,TE,,170,0.01,0,ACTIVE,,,,,,,,,,,,,,
715,Jared Wayne,HOU,WR,,170,0.01,0,ACTIVE,,,,,,,,,,,,,,
716,Chris Collier,LV,RB,0,169.99,0.02,0.01,INJURY_RESERVE,,,,,,,,,,,,,,
717,Jack Westover,NE,RB,,169.99,0.02,0,ACTIVE,,,,,,,,,,,,,,
718,Jayden Higgins,HOU,WR,0,169.95,13.41,0.23,INJURY_RESERVE,,,,,,,,,,,,,,
719,Dillon Gabriel,CLE,QB,,169.98,0.07,0.01,ACTIVE,,,,,,,,,,,,,,
720,Jalen Milroe,SEA,QB,,169.98,0.13,0.01,ACTIVE,,,,,,,,,,,,,,
721,Jarquez Hunter,MIA,RB,,169.99,0.1,0.01,ACTIVE,,,,,,,,,,,,,,
722,Gavin Bartholomew,MIN,TE,,169.98,0.04,0.01,ACTIVE,,,,,,,,,,,,,,
723,Mitchell Evans,CAR,TE,0,169.99,0.05,0.01,ACTIVE,,,,,,,,,,,,,,
724,Kalel Mullings,TEN,RB,,170,0.02,0,QUESTIONABLE,,,,,,,,,,,,,,
725,Jordan Watkins,SF,WR,,169.99,0.03,0,ACTIVE,,,,,,,,,,,,,,
726,Phil Mafah,DAL,RB,0,170.12,0.19,0.01,ACTIVE,,,,,,,,,,,,,,
727,Graham Mertz,HOU,QB,,169.99,0.02,0,INJURY_RESERVE,,,,,,,,,,,,,,
728,Thomas Fidone II,NYG,TE,,170,0.01,0,ACTIVE,,,,,,,,,,,,,,
729,Kurtis Rourke,SF,QB,,169.99,0.02,0,QUESTIONABLE,,,,,,,,,,,,,,
730,Cam Miller,MIA,QB,,169.99,0.02,0,ACTIVE,,,,,,,,,,,,,,
731,Ricky White III,SEA,WR,,169.99,0.01,0,ACTIVE,,,,,,,,,,,,,,
732,Kaden Prather,GB,WR,,170,0.01,0.01,ACTIVE,,,,,,,,,,,,,,
733,Damien Martinez,GB,RB,,170,0.03,0.01,ACTIVE,,,,,,,,,,,,,,
734,Caleb Lohner,DEN,TE,,170,0.01,0,QUESTIONABLE,,,,,,,,,,,,,,
735,Dominic Lovett,DET,WR,,169.98,0.04,0,ACTIVE,,,,,,,,,,,,,,
736,Moliki Matavao,NO,TE,,170,0.01,0,INJURY_RESERVE,,,,,,,,,,,,,,
737,Junior Bergen,NYJ,WR,,169.96,0.03,0.01,ACTIVE,,,,,,,,,,,,,,
738,Kyle McCord,GB,QB,,169.99,0.02,0,ACTIVE,,,,,,,,,,,,,,
739,Devin Neal,NO,RB,0,169.99,0.13,0.02,QUESTIONABLE,,,,,,,,,,,,,,
740,Robbie Ouzts,SEA,RB,,169.99,0.02,0,INJURY_RESERVE,,,,,,,,,,,,,,
741,Will Howard,PIT,QB,0,169.98,0.14,0.01,QUESTIONABLE,,,,,,,,,,,,,,
742,Nick Nash,WSH,WR,,170,0.01,0,ACTIVE,,,,,,,,,,,,,,
743,Xavier Restrepo,TEN,WR,,170,0.02,0,ACTIVE,,,,,,,,,,,,,,
744,Isaiah Neyor,GB,WR,,170,0.01,0,ACTIVE,,,,,,,,,,,,,,
745,Donovan Edwards,MIA,RB,,169.99,0.02,0.01,ACTIVE,,,,,,,,,,,,,,
746,Corey Kiner,ARI,RB,,170,0.01,0,ACTIVE,,,,,,,,,,,,,,
747,Theo Wease Jr.,MIA,WR,0,170,0.02,0.01,ACTIVE,,,,,,,,,,,,,,
748,Raheim Sanders,CLE,RB,,169.99,0.06,0.01,ACTIVE,,,,,,,,,,,,,,
749,Chandler Brayboy,JAX,WR,,170,0.01,0,ACTIVE,,,,,,,,,,,,,,
750,Lan Larison,NE,RB,,169.99,0.04,0,ACTIVE,,,,,,,,,,,,,,
751,Nathan Carter,ATL,RB,,169.99,0.02,0,ACTIVE,,,,,,,,,,,,,,
752,Beaux Collins,ATL,WR,,169.98,0.01,0.01,ACTIVE,,,,,,,,,,,,,,
753,Zavier Scott,MIN,RB,0,169.99,0.04,0.01,ACTIVE,,,,,,,,,,,,,,
754,Brady Cook,NYJ,QB,0,169.98,0.04,0.01,ACTIVE,,,,,,,,,,,,,,
755,Jakobie Keeney-James,0,WR,,170,0.02,0.01,ACTIVE,,,,,,,,,,,,,,
756,Dalen Cambre,NYG,WR,,170,0.01,0,ACTIVE,,,,,,,,,,,,,,
757,Carter Runyon,LV,TE,,170,0,0,ACTIVE,,,,,,,,,,,,,,
758,Ben Yurosek,MIN,TE,,170,0.01,0,ACTIVE,,,,,,,,,,,,,,
759,Treyton Welch,NO,TE,,170,0.01,0,ACTIVE,,,,,,,,,,,,,,
760,Keleki Latu,BUF,TE,,169.99,0.01,0,ACTIVE,,,,,,,,,,,,,,
761,Nick Kallerup,SEA,TE,,170,0.01,0,ACTIVE,,,,,,,,,,,,,,
762,Max Brosmer,MIN,QB,,169.99,0.04,0.01,ACTIVE,,,,,,,,,,,,,,
763,Kedon Slovis,ARI,QB,,169.99,0.01,0,ACTIVE,,,,,,,,,,,,,,
764,Zaire Mitchell-Paden,NO,TE,,170,0.01,0,ACTIVE,,,,,,,,,,,,,,
765,Jackson Meeks,DET,TE,,169.99,0.01,0,ACTIVE,,,,,,,,,,,,,,
766,Hayden Rucci,SF,TE,,170,0.01,0,ACTIVE,,,,,,,,,,,,,,
767,Amar Johnson,LAC,RB,,169.99,0.02,0,ACTIVE,,,,,,,,,,,,,,
768,Quentin Skinner,BUF,WR,,170,0.01,0,ACTIVE,,,,,,,,,,,,,,
769,Jacoby Jones,WSH,WR,,170,0.01,0,ACTIVE,,,,,,,,,,,,,,
770,Zach Horton,DET,TE,,170,0.01,0,ACTIVE,,,,,,,,,,,,,,
771,Jacardia Wright,SEA,RB,,169.98,0.05,0.01,ACTIVE,,,,,,,,,,,,,,
772,Ulysses Bentley IV,IND,RB,,169.98,0.05,0.02,ACTIVE,,,,,,,,,,,,,,
773,Jimmy Holiday,KC,WR,,170,0.01,0,ACTIVE,,,,,,,,,,,,,,
774,Drake Dabney,GB,TE,,169.98,0.02,0.01,ACTIVE,,,,,,,,,,,,,,
775,Coleman Owen,IND,WR,,170,0.01,0,ACTIVE,,,,,,,,,,,,,,
776,Brennan Presley,LAR,WR,,170,0.01,0,ACTIVE,,,,,,,,,,,,,,
777,Dalevon Campbell,LAC,WR,,170,0.01,0,ACTIVE,,,,,,,,,,,,,,
778,Adrian Martinez,SF,QB,,169.99,0.01,0,ACTIVE,,,,,,,,,,,,,,
779,Chris Brazzell II,CAR,WR,0,170,0.22,0.01,INJURY_RESERVE,,,,,,,,,,,,,,
780,CJ Williams,JAX,WR,,169.99,0.02,0,ACTIVE,,,,,,,,,,,,,,
781,Kendrick Law,DET,WR,,170,0.01,0,INJURY_RESERVE,,,,,,,,,,,,,,
782,Jaren Kanak,TEN,TE,,170,0.01,0,INJURY_RESERVE,,,,,,,,,,,,,,
783,Carsen Ryan,CLE,TE,,170,0.01,0,ACTIVE,,,,,,,,,,,,,,
784,Deion Burks,IND,WR,,170,0.04,0,ACTIVE,,,,,,,,,,,,,,
785,Taylen Green,CLE,QB,,169.99,0.06,0.01,ACTIVE,,,,,,,,,,,,,,
786,Jack Endries,CIN,TE,,170,0.01,0,ACTIVE,,,,,,,,,,,,,,
787,Bauer Sharp,TB,TE,,170,0.01,0,ACTIVE,,,,,,,,,,,,,,
788,Behren Morton,NE,QB,,169.99,0.03,0,ACTIVE,,,,,,,,,,,,,,
789,Jam Miller,NE,RB,,169.98,0.07,0.01,ACTIVE,,,,,,,,,,,,,,
790,Athan Kaliakmanis,WSH,QB,,169.98,0.03,0.01,ACTIVE,,,,,,,,,,,,,,
791,Seydou Traore,MIA,TE,,170,0.01,0,ACTIVE,,,,,,,,,,,,,,
792,Eli Heidenreich,PIT,RB,,169.98,0.16,0.01,ACTIVE,,,,,,,,,,,,,,
793,Garrett Nussmeier,KC,QB,,169.99,0.05,0,ACTIVE,,,,,,,,,,,,,,
794,Cole Payton,PHI,QB,,169.99,0.03,0,ACTIVE,,,,,,,,,,,,,,
795,Lewis Bond,HOU,WR,0,169.99,0.04,0,ACTIVE,,,,,,,,,,,,,,
796,Anthony Smith,DAL,WR,,170,0.02,0,ACTIVE,,,,,,,,,,,,,,
797,Dallen Bentley,DEN,TE,,170,0.01,0,ACTIVE,,,,,,,,,,,,,,
798,Emmanuel Henderson Jr.,SEA,WR,,169.99,0.03,0,ACTIVE,,,,,,,,,,,,,,
799,Michael Trigg,DAL,TE,,169.99,0.07,0.01,QUESTIONABLE,,,,,,,,,,,,,,
800,Jamal Agnew,0,WR,,169.99,0.01,0,QUESTIONABLE,,,,,,,,,,,,,,
801,Noah Brown,0,WR,,169.99,0.02,0,ACTIVE,,,,,,,,,,,,,,
802,Brandon Powell,0,WR,,169.99,0.01,0,ACTIVE,,,,,,,,,,,,,,
803,Zach Pascal,0,WR,,169.99,0.01,0,ACTIVE,,,,,,,,,,,,,,
804,Jordan Akins,0,TE,,169.99,0.01,0,ACTIVE,,,,,,,,,,,,,,
805,River Cracraft,0,WR,,169.98,0.02,0.01,QUESTIONABLE,,,,,,,,,,,,,,
806,C.J. Ham,MIN,RB,,169.98,0.03,0.01,,,,,,,,,,,,,,,
807,Russell Gage Jr.,0,WR,,170,0.01,0,ACTIVE,,,,,,,,,,,,,,
808,Trent Taylor,0,WR,,170,0.01,0,ACTIVE,,,,,,,,,,,,,,
809,DeAndre Carter,0,WR,,170,0.01,0,ACTIVE,,,,,,,,,,,,,,
810,Eric Tomlinson,0,TE,,170,0.01,0,ACTIVE,,,,,,,,,,,,,,
811,Anthony Firkser,0,TE,,170,0.01,0,QUESTIONABLE,,,,,,,,,,,,,,
812,Alex Erickson,0,WR,,170,0.01,0,ACTIVE,,,,,,,,,,,,,,
813,Ross Dwelley,0,TE,,170,0.01,0,ACTIVE,,,,,,,,,,,,,,
814,Jeff Driskel,0,QB,,169.99,0.01,0,ACTIVE,,,,,,,,,,,,,,
815,MyCole Pruitt,0,TE,,170,0.01,0,ACTIVE,,,,,,,,,,,,,,
816,Taylor Heinicke,0,QB,,169.99,0.01,0,ACTIVE,,,,,,,,,,,,,,
817,Mike White,0,QB,,169.99,0.01,0,ACTIVE,,,,,,,,,,,,,,
818,Allen Lazard,0,WR,,169.99,0.01,0,ACTIVE,,,,,,,,,,,,,,
819,Hunter Renfrow,0,WR,,169.99,0.02,0,ACTIVE,,,,,,,,,,,,,,
820,Josh Reynolds,0,WR,,169.99,0.01,0,ACTIVE,,,,,,,,,,,,,,
821,C.J. Uzomah,0,TE,,170,0.01,0,ACTIVE,,,,,,,,,,,,,,
822,Cordarrelle Patterson,0,RB,,169.98,0.02,0.01,ACTIVE,,,,,,,,,,,,,,
823,Taysom Hill,0,TE,,169.97,0.11,0.02,ACTIVE,,,,,,,,,,,,,,
824,Marcedes Lewis,0,TE,,169.99,0.02,0.01,ACTIVE,,,,,,,,,,,,,,
825,Trevor Siemian,0,QB,,169.99,0.01,0,ACTIVE,,,,,,,,,,,,,,
826,Ryan Griffin,0,QB,,169.99,0.01,0,ACTIVE,,,,,,,,,,,,,,
827,John Kelly Jr.,0,RB,,169.99,0.01,0,ACTIVE,,,,,,,,,,,,,,
828,Jeff Wilson Jr.,0,RB,,169.99,0.01,0,ACTIVE,,,,,,,,,,,,,,
829,Tim Boyle,0,QB,,169.99,0.01,0,ACTIVE,,,,,,,,,,,,,,
830,Raheem Mostert,0,RB,,169.99,0.04,0.01,QUESTIONABLE,,,,,,,,,,,,,,
831,Jordan Matthews,0,TE,,170,0.01,0,ACTIVE,,,,,,,,,,,,,,
832,Equanimeous St. Brown,0,WR,,169.97,0.03,0.01,ACTIVE,,,,,,,,,,,,,,
833,Austin Seibert,0,K,,169.97,0.04,0.03,ACTIVE,,,,,,,,,,,,,,
834,Gerald Everett,0,TE,,170,0.01,0,ACTIVE,,,,,,,,,,,,,,
835,Myles Gaskin,0,RB,,169.99,0.01,0,ACTIVE,,,,,,,,,,,,,,
836,Miles Sanders,0,RB,,169.99,0.03,0.01,ACTIVE,,,,,,,,,,,,,,
837,Hayden Hurst,0,TE,,169.99,0.01,0,ACTIVE,,,,,,,,,,,,,,
838,Nyheim Hines,0,RB,,169.99,0.01,0,ACTIVE,,,,,,,,,,,,,,
839,Parris Campbell,DAL,WR,,169.99,0.01,0,ACTIVE,,,,,,,,,,,,,,
840,Diontae Johnson,0,WR,,169.99,0.01,0,ACTIVE,,,,,,,,,,,,,,
841,Irv Smith Jr.,0,TE,,169.99,0.01,0,QUESTIONABLE,,,,,,,,,,,,,,
842,Greg Joseph,0,K,,169.98,0.04,0.02,ACTIVE,,,,,,,,,,,,,,
843,Alexander Mattison,0,RB,,169.99,0.01,0,ACTIVE,,,,,,,,,,,,,,
844,Joe Mixon,0,RB,,169.95,0.2,0.03,QUESTIONABLE,,,,,,,,,,,,,,
845,Tyreek Hill,0,WR,,169.8,4.09,0.13,OUT,,,,,,,,,,,,,,
846,Dalvin Cook,0,RB,,169.95,0.05,0.02,ACTIVE,,,,,,,,,,,,,,
847,Nick Chubb,0,RB,,169.88,0.27,0.05,ACTIVE,,,,,,,,,,,,,,
848,Will Dissly,0,TE,,169.99,0.01,0,QUESTIONABLE,,,,,,,,,,,,,,
849,Chase Edmonds,0,RB,,169.99,0.01,0,ACTIVE,,,,,,,,,,,,,,
850,JuJu Smith-Schuster,0,WR,0,169.97,0.11,0.02,QUESTIONABLE,,,,,,,,,,,,,,
851,DJ Chark,0,WR,,170,0.01,0,ACTIVE,,,,,,,,,,,,,,
852,Mike Boone,0,RB,,169.99,0.01,0,ACTIVE,,,,,,,,,,,,,,
853,Curtis Samuel,0,WR,,169.99,0.02,0,ACTIVE,,,,,,,,,,,,,,
854,D'Onta Foreman,0,RB,,169.99,0.01,0,ACTIVE,,,,,,,,,,,,,,
855,Kareem Hunt,0,RB,,169.97,0.32,0.03,ACTIVE,,,,,,,,,,,,,,
856,Michael Badgley,0,K,,169.98,0.04,0.02,ACTIVE,,,,,,,,,,,,,,
857,Austin Ekeler,0,RB,,169.97,0.07,0.02,ACTIVE,,,,,,,,,,,,,,
858,Geoff Swaim,0,TE,,170,0.01,0,ACTIVE,,,,,,,,,,,,,,
859,Ezekiel Elliott,0,RB,,169.92,0.09,0.04,ACTIVE,,,,,,,,,,,,,,
860,Gus Edwards,0,RB,,169.98,0.02,0.01,ACTIVE,,,,,,,,,,,,,,
861,Mike Williams,LAC,WR,,169.99,0.02,0,,,,,,,,,,,,,,,
862,Tyler Boyd,0,WR,,170,0.01,0,ACTIVE,,,,,,,,,,,,,,
863,Younghoe Koo,0,K,0,169.74,0.35,0.18,ACTIVE,,,,,,,,,,,,,,
864,Jamaal Williams,0,RB,,169.98,0.02,0.01,ACTIVE,,,,,,,,,,,,,,
865,Tyler Lockett,0,WR,,169.99,0.05,0.01,ACTIVE,,,,,,,,,,,,,,
866,Chris Conley,0,WR,,170,0.01,0,,,,,,,,,,,,,,,
867,Amari Cooper,LV,WR,,169.97,0.05,0.01,,,,,,,,,,,,,,,
868,Nelson Agholor,0,WR,,170,0.01,0,ACTIVE,,,,,,,,,,,,,,
869,Jamison Crowder,0,WR,,170,0.01,0,ACTIVE,,,,,,,,,,,,,,
870,Robbie Chosen,0,WR,,169.99,0.02,0.01,ACTIVE,,,,,,,,,,,,,,
871,DeAndre Hopkins,0,WR,,169.97,0.08,0.02,ACTIVE,,,,,,,,,,,,,,
872,Derek Carr,NO,QB,,169.97,0.04,0.01,,,,,,,,,,,,,,,
873,Allen Robinson,0,WR,,169.99,0.01,0,ACTIVE,,,,,,,,,,,,,,
874,Zach Ertz,0,TE,,169.97,0.12,0.02,QUESTIONABLE,,,,,,,,,,,,,,
875,Justin Tucker,0,K,,169.62,0.51,0.32,ACTIVE,,,,,,,,,,,,,,
876,Brandin Cooks,0,WR,,169.99,0.03,0,ACTIVE,,,,,,,,,,,,,,
877,Jimmy Garoppolo,LAR,QB,,169.97,0.05,0.01,ACTIVE,,,,,,,,,,,,,,
878,Robert Woods,0,WR,,169.99,0.01,0,,,,,,,,,,,,,,,
879,Brandon McManus,0,K,0,169.94,0.13,0.08,ACTIVE,,,,,,,,,,,,,,
880,Adam Thielen,PIT,WR,,169.98,0.05,0.01,,,,,,,,,,,,,,,
881,Teddy Bridgewater,DET,QB,0,169.96,0.07,0.01,ACTIVE,,,,,,,,,,,,,,
882,Dustin Hopkins,0,K,,169.97,0.06,0.04,ACTIVE,,,,,,,,,,,,,,
883,Greg Zuerlein,0,K,,169.97,0.07,0.05,QUESTIONABLE,,,,,,,,,,,,,,
884,Russell Wilson,0,QB,,169.95,0.07,0.01,ACTIVE,,,,,,,,,,,,,,
885,Matt Prater,0,K,,169.95,0.15,0.11,ACTIVE,,,,,,,,,,,,,,
886,Graham Gano,0,K,0,169.98,0.08,0.06,QUESTIONABLE,,,,,,,,,,,,,,
887,Tyree Jackson,0,TE,,169.99,0.01,0,QUESTIONABLE,,,,,,,,,,,,,,
888,Steven Sims,0,WR,,170,0,0,ACTIVE,,,,,,,,,,,,,,
889,Deonte Harty,0,WR,,170,0,0,QUESTIONABLE,,,,,,,,,,,,,,
890,Khari Blasingame,0,RB,,169.99,0.01,0.01,ACTIVE,,,,,,,,,,,,,,
891,Jakob Johnson,0,RB,,169.99,0.01,0,ACTIVE,,,,,,,,,,,,,,
892,Donald Parham Jr.,0,TE,,170,0,0,ACTIVE,,,,,,,,,,,,,,
893,Clyde Edwards-Helaire,0,RB,,169.98,0.02,0.01,ACTIVE,,,,,,,,,,,,,,
894,Cam Akers,0,RB,,169.99,0.02,0.01,ACTIVE,,,,,,,,,,,,,,
895,Ke'Shawn Vaughn,0,RB,,169.99,0.01,0,ACTIVE,,,,,,,,,,,,,,
896,Zack Moss,0,RB,,169.99,0.02,0.01,QUESTIONABLE,,,,,,,,,,,,,,
897,Darrynton Evans,0,RB,,169.99,0.01,0.01,ACTIVE,,,,,,,,,,,,,,
898,Joshua Kelley,0,RB,,169.99,0.01,0.01,ACTIVE,,,,,,,,,,,,,,
899,Antonio Gibson,0,RB,,169.97,0.03,0.01,QUESTIONABLE,,,,,,,,,,,,,,
900,Laviska Shenault Jr.,0,WR,,169.99,0.01,0,ACTIVE,,,,,,,,,,,,,,
901,Josiah Deguara,NYG,TE,,170,0.01,0,ACTIVE,,,,,,,,,,,,,,
902,Harrison Bryant,0,TE,,170,0.01,0,QUESTIONABLE,,,,,,,,,,,,,,
903,Gabe Davis,0,WR,,170,0.01,0,QUESTIONABLE,,,,,,,,,,,,,,
904,Collin Johnson,0,WR,,170,0,0,ACTIVE,,,,,,,,,,,,,,
905,James Proche II,0,WR,,170,0,0,ACTIVE,,,,,,,,,,,,,,
906,Stephen Sullivan,0,TE,,170,0.01,0,ACTIVE,,,,,,,,,,,,,,
907,Marquez Callaway,0,WR,,170,0,0,ACTIVE,,,,,,,,,,,,,,
908,J.J. Taylor,0,RB,,169.95,0.02,0.01,ACTIVE,,,,,,,,,,,,,,
909,John Wolford,0,QB,,169.99,0.01,0,ACTIVE,,,,,,,,,,,,,,
910,Sean McKeon,IND,TE,,170,0.01,0,QUESTIONABLE,,,,,,,,,,,,,,
911,Trishton Jackson,0,WR,,170,0,0,,,,,,,,,,,,,,,
912,Tony Jones Jr.,0,RB,,169.99,0.01,0,ACTIVE,,,,,,,,,,,,,,
913,Tony Brown,0,WR,,170,0,0,ACTIVE,,,,,,,,,,,,,,
914,Kristian Wilkerson,0,WR,,170,0,0,ACTIVE,,,,,,,,,,,,,,
915,Matthew Wright,0,K,,169.98,0.03,0.02,ACTIVE,,,,,,,,,,,,,,
916,Kadarius Toney,0,WR,,169.94,0.09,0.03,ACTIVE,,,,,,,,,,,,,,
917,Dee Eskridge,0,WR,,170,0,0,ACTIVE,,,,,,,,,,,,,,
918,Dez Fitzpatrick,0,WR,,170,0,0,QUESTIONABLE,,,,,,,,,,,,,,
919,Elijah Mitchell,0,RB,,169.99,0.02,0.01,QUESTIONABLE,,,,,,,,,,,,,,
920,Jaelon Darden,0,WR,,170,0,0,ACTIVE,,,,,,,,,,,,,,
921,Avery Williams,0,RB,,169.99,0.01,0,ACTIVE,,,,,,,,,,,,,,
922,Zach Davidson,0,TE,,170,0,0,ACTIVE,,,,,,,,,,,,,,
923,Kenny Yeboah,0,TE,,169.99,0.01,0,QUESTIONABLE,,,,,,,,,,,,,,
924,Jody Fortson,0,TE,,170,0,0,ACTIVE,,,,,,,,,,,,,,
925,Parker Hesse,0,TE,,170,0.01,0,ACTIVE,,,,,,,,,,,,,,
926,Mitchell Wilcox,0,TE,,169.99,0.01,0,ACTIVE,,,,,,,,,,,,,,
927,Giovanni Ricci,0,TE,,170,0.01,0,ACTIVE,,,,,,,,,,,,,,
928,Tyler Mabry,0,TE,,170,0.01,0,QUESTIONABLE,,,,,,,,,,,,,,
929,Cody Thompson,0,WR,,170,0,0,ACTIVE,,,,,,,,,,,,,,
930,Cade York,0,K,0,169.97,0.08,0.04,ACTIVE,,,,,,,,,,,,,,
931,Desmond Ridder,0,QB,0,169.98,0.02,0.01,ACTIVE,,,,,,,,,,,,,,
932,Tyrion Davis-Price,0,RB,,169.99,0.01,0,ACTIVE,,,,,,,,,,,,,,
933,David Bell,CLE,WR,,170,0.01,0,,,,,,,,,,,,,,,
934,Keaontay Ingram,0,RB,,169.99,0.01,0,ACTIVE,,,,,,,,,,,,,,
935,John FitzPatrick,0,TE,,169.99,0.01,0,QUESTIONABLE,,,,,,,,,,,,,,
936,Michael Woods II,0,WR,,170,0.01,0,QUESTIONABLE,,,,,,,,,,,,,,
937,Jerome Ford,0,RB,0,169.98,0.09,0.01,QUESTIONABLE,,,,,,,,,,,,,,
938,Montrell Washington,0,WR,,170,0,0,ACTIVE,,,,,,,,,,,,,,
939,Justyn Ross,0,WR,,170,0,0,ACTIVE,,,,,,,,,,,,,,
940,DJ Turner,0,WR,,170,0,0,QUESTIONABLE,,,,,,,,,,,,,,
941,Peyton Hendershot,0,TE,,169.99,0.01,0,ACTIVE,,,,,,,,,,,,,,
942,Jalen Virgil,0,WR,,170,0.01,0,QUESTIONABLE,,,,,,,,,,,,,,
943,Raheem Blackshear,0,RB,,169.99,0.02,0.01,QUESTIONABLE,,,,,,,,,,,,,,
944,Troy Hairston,0,RB,,170,0.01,0,ACTIVE,,,,,,,,,,,,,,
945,Andre Baccellia,0,WR,0,170,0.01,0,QUESTIONABLE,,,,,,,,,,,,,,
946,Anthony Brown Jr.,0,QB,,169.98,0.01,0.01,ACTIVE,,,,,,,,,,,,,,
947,Jake Moody,0,K,0,169.93,0.36,0.19,ACTIVE,,,,,,,,,,,,,,
948,Zach Evans,0,RB,,169.99,0.01,0,ACTIVE,,,,,,,,,,,,,,
949,Anders Carlson,0,K,,169.99,0.02,0.01,ACTIVE,,,,,,,,,,,,,,
950,Cedric Tillman,0,WR,7.43,169.99,0.11,0.02,QUESTIONABLE,,,,,,,,33.88,0.18,3,0.03,,,
951,Christopher Dunn,0,K,,169.99,0.02,0.01,ACTIVE,,,,,,,,,,,,,,
952,Grant DuBose,0,WR,,170,0,0,QUESTIONABLE,,,,,,,,,,,,,,
953,Kenny McIntosh,0,RB,,169.99,0.01,0,ACTIVE,,,,,,,,,,,,,,
954,Dorian Thompson-Robinson,0,QB,,169.98,0.02,0.01,ACTIVE,,,,,,,,,,,,,,
955,Antoine Green,0,WR,,169.99,0.01,0,ACTIVE,,,,,,,,,,,,,,
956,Jaren Hall,0,QB,,169.98,0.02,0.01,ACTIVE,,,,,,,,,,,,,,
957,Clayton Tune,0,QB,,169.99,0.02,0.01,ACTIVE,,,,,,,,,,,,,,
958,Max Duggan,0,QB,,169.98,0.02,0.01,ACTIVE,,,,,,,,,,,,,,
959,DeWayne McBride,0,RB,,169.92,0.04,0.02,ACTIVE,,,,,,,,,,,,,,
960,A.T. Perry,0,WR,0,170,0.01,0,ACTIVE,,,,,,,,,,,,,,
961,Colton Dowell,0,WR,,170,0.01,0,ACTIVE,,,,,,,,,,,,,,
962,Tanner Brown,NO,K,0,169.97,0.06,0.04,ACTIVE,,,,,,,,,,,,,,
963,Deneric Prince,0,RB,,169.99,0.01,0,ACTIVE,,,,,,,,,,,,,,
964,Mohamed Ibrahim,0,RB,,169.99,0.01,0,ACTIVE,,,,,,,,,,,,,,
965,Joseph Ngata,0,WR,,169.99,0.01,0,ACTIVE,,,,,,,,,,,,,,
966,Elijah Dotson,0,RB,,169.99,0.01,0,ACTIVE,,,,,,,,,,,,,,
967,Rakim Jarrett,0,WR,,170,0,0,ACTIVE,,,,,,,,,,,,,,
968,Malik Heath,0,WR,,170,0,0,ACTIVE,,,,,,,,,,,,,,
969,Chase Cota,0,WR,,169.99,0.01,0,ACTIVE,,,,,,,,,,,,,,
970,Kearis Jackson,0,WR,,170,0,0,ACTIVE,,,,,,,,,,,,,,
971,Xazavian Valladay,0,RB,,169.99,0.02,0.01,ACTIVE,,,,,,,,,,,,,,
972,Tucker Fisk,0,TE,,169.99,0.01,0,ACTIVE,,,,,,,,,,,,,,
973,Rodney Williams,0,TE,,169.99,0.01,0,ACTIVE,,,,,,,,,,,,,,
974,Ellis Merriweather,0,RB,,169.99,0.01,0,ACTIVE,,,,,,,,,,,,,,
975,Henry Pearson,0,TE,,169.99,0.01,0,ACTIVE,,,,,,,,,,,,,,
976,Travis Vokolek,0,TE,,169.99,0.01,0,ACTIVE,,,,,,,,,,,,,,
977,Terrell Bynum,0,WR,,170,0.01,0,ACTIVE,,,,,,,,,,,,,,
978,Nathan Rourke,0,QB,,169.99,0.02,0,ACTIVE,,,,,,,,,,,,,,
979,SaRodorick Thompson Jr.,0,RB,,169.98,0.03,0.01,ACTIVE,,,,,,,,,,,,,,
980,Lucas Havrisik,0,K,0,169.98,0.03,0.02,ACTIVE,,,,,,,,,,,,,,
981,Jermaine Burton,0,WR,,170,0.01,0,ACTIVE,,,,,,,,,,,,,,
982,Ja'Lynn Polk,NO,WR,0,169.99,0.03,0.01,ACTIVE,,,,,,,,,,,,,,
983,Joshua Karty,0,K,0,169.98,0.04,0.02,ACTIVE,,,,,,,,,,,,,,
984,Jase McClellan,0,RB,,169.99,0.01,0,ACTIVE,,,,,,,,,,,,,,
985,Javon Baker,0,WR,,169.99,0.01,0,ACTIVE,,,,,,,,,,,,,,
986,Brenden Rice,0,WR,,169.97,0.02,0.01,ACTIVE,,,,,,,,,,,,,,
987,Ainias Smith,CAR,WR,,169.99,0.01,0,ACTIVE,,,,,,,,,,,,,,
988,Jha'Quan Jackson,TB,WR,,169.99,0.01,0,ACTIVE,,,,,,,,,,,,,,
989,Keilan Robinson,0,RB,,169.99,0.01,0,QUESTIONABLE,,,,,,,,,,,,,,
990,Jordan Travis,0,QB,,169.96,0.04,0.01,,,,,,,,,,,,,,,
991,Devin Leary,0,QB,,169.97,0.03,0.01,ACTIVE,,,,,,,,,,,,,,
992,Michael Pratt,0,QB,,169.95,0.04,0.02,ACTIVE,,,,,,,,,,,,,,
993,Tanner McLachlan,0,TE,,169.99,0.01,0,QUESTIONABLE,,,,,,,,,,,,,,
994,Louis Rees-Zammit,0,RB,,169.98,0.02,0.01,ACTIVE,,,,,,,,,,,,,,
995,Blake Watson,0,RB,,169.99,0.02,0.01,ACTIVE,,,,,,,,,,,,,,
996,John Stephens Jr.,0,TE,,169.99,0.01,0,ACTIVE,,,,,,,,,,,,,,
997,Dallin Holker,0,TE,,169.99,0.01,0.01,ACTIVE,,,,,,,,,,,,,,
998,Michael Wiley,0,RB,,169.98,0.02,0.01,ACTIVE,,,,,,,,,,,,,,
999,Bryce Ford-Wheaton,0,WR,,169.99,0.01,0,QUESTIONABLE,,,,,,,,,,,,,,
1000,Ramel Keyton,0,WR,,169.99,0.01,0,ACTIVE,,,,,,,,,,,,,,
1001,Tyreik McAllister,0,WR,,169.99,0.01,0,ACTIVE,,,,,,,,,,,,,,
1002,Brayden Narveson,0,K,,169.98,0.03,0.01,ACTIVE,,,,,,,,,,,,,,
1003,Thomas Odukoya,0,TE,,169.98,0.02,0.01,ACTIVE,,,,,,,,,,,,,,
1004,Zane Gonzalez,0,K,0,169.97,0.15,0.08,QUESTIONABLE,,,,,,,,,,,,,,
1005,Terrell Jennings,0,RB,,169.98,0.04,0.01,QUESTIONABLE,,,,,,,,,,,,,,
1006,Aaron Shampklin,0,RB,,169.97,0.03,0.01,ACTIVE,,,,,,,,,,,,,,
1007,Parker Romo,0,K,,169.96,0.04,0.02,ACTIVE,,,,,,,,,,,,,,
1008,D.J. Williams,0,RB,,169.96,0.03,0.02,QUESTIONABLE,,,,,,,,,,,,,,
1009,Joshua Cephus,0,WR,,169.99,0.01,0.01,ACTIVE,,,,,,,,,,,,,,
1010,Jaylen Johnson,0,WR,,169.98,0.02,0.01,ACTIVE,,,,,,,,,,,,,,
1011,Baylor Cupp,0,TE,,169.99,0.02,0.01,ACTIVE,,,,,,,,,,,,,,
1012,Anthony Miller,0,WR,,169.98,0.02,0.01,ACTIVE,,,,,,,,,,,,,,
1013,John Samuel Shenker,0,TE,,169.96,0.04,0.02,ACTIVE,,,,,,,,,,,,,,
1014,Jacob Kibodi,0,RB,,169.96,0.04,0.03,ACTIVE,,,,,,,,,,,,,,
1015,Jermaine Jackson,0,WR,,169.97,0.03,0.01,ACTIVE,,,,,,,,,,,,,,
1016,Jude McAtamney,0,K,,169.95,0.05,0.02,ACTIVE,,,,,,,,,,,,,,
1017,Spencer Shrader,IND,K,0,169.89,0.23,0.12,ACTIVE,,,,,,,,,,,,,,
1018,John Ross,0,WR,,169.96,0.03,0.02,ACTIVE,,,,,,,,,,,,,,
1019,Tommy Mellott,0,WR,,169.95,0.03,0.02,ACTIVE,,,,,,,,,,,,,,
1020,Luke Lachey,GB,TE,,169.94,0.04,0.02,ACTIVE,,,,,,,,,,,,,,
1021,Caden Davis,0,K,,169.9,0.09,0.04,ACTIVE,,,,,,,,,,,,,,
1022,Ja'Corey Brooks,0,WR,,169.94,0.03,0.02,QUESTIONABLE,,,,,,,,,,,,,,
1023,Charlie Smyth,NO,K,0,170.15,1.41,0.96,ACTIVE,,,,,,,,,,,,,,
1024,Sal Cannella,0,TE,,169.89,0.08,0.05,ACTIVE,,,,,,,,,,,,,,
1025,Philip Rivers,IND,QB,,169.71,0.43,0.08,ACTIVE,,,,,,,,,,,,,,
1026,Ben Sauls,NYG,K,0,169.78,0.29,0.17,ACTIVE,,,,,,,,,,,,,,
1027,Jack Strand,ATL,QB,,,,,ACTIVE,,,,,,,,,,,,,,
