"RK",TIERS,"PLAYER NAME",TEAM,"POS","BYE WEEK","UPSIDE ","BUST ","SOS SEASON","ECR VS. ADP"
"1",1,"Jahmyr Gibbs",DET,"RB1","6","5 out of 5","1 out of 5","5 out of 5 stars","0"
"2",1,"Bijan Robinson",ATL,"RB2","11","5 out of 5","1 out of 5","2 out of 5 stars","0"
"3",1,"Ja'Marr Chase",CIN,"WR1","6","5 out of 5","1 out of 5","4 out of 5 stars","0"
"4",1,"Puka Nacua",LAR,"WR2","11","5 out of 5","2 out of 5","1 out of 5 stars","0"
"5",1,"Jaxon Smith-Njigba",SEA,"WR3","11","5 out of 5","2 out of 5","3 out of 5 stars","+1"
"6",1,"Amon-Ra St. Brown",DET,"WR4","6","5 out of 5","1 out of 5","4 out of 5 stars","+2"
"7",1,"Jonathan Taylor",IND,"RB3","13","4 out of 5","3 out of 5","4 out of 5 stars","0"
"8",1,"Christian McCaffrey",SF,"RB4","8","4 out of 5","4 out of 5","2 out of 5 stars","-3"
"9",2,"CeeDee Lamb",DAL,"WR5","14","4 out of 5","2 out of 5","2 out of 5 stars","+1"
"10",2,"James Cook III",BUF,"RB5","7","5 out of 5","2 out of 5","2 out of 5 stars","-1"
"11",2,"Justin Jefferson",MIN,"WR6","6","4 out of 5","2 out of 5","5 out of 5 stars","+2"
"12",2,"Drake London",ATL,"WR7","11","4 out of 5","3 out of 5","3 out of 5 stars","+8"
"13",2,"Chase Brown",CIN,"RB6","6","5 out of 5","2 out of 5","2 out of 5 stars","+2"
"14",2,"A.J. Brown",NE,"WR8","11","5 out of 5","2 out of 5","2 out of 5 stars","+7"
"15",2,"Saquon Barkley",PHI,"RB7","10","4 out of 5","3 out of 5","4 out of 5 stars","-3"
"16",2,"De'Von Achane",MIA,"RB8","6","4 out of 5","4 out of 5","3 out of 5 stars","-2"
"17",2,"Nico Collins",HOU,"WR9","8","4 out of 5","2 out of 5","3 out of 5 stars","+7"
"18",2,"Brock Bowers",LV,"TE1","13","5 out of 5","2 out of 5","3 out of 5 stars","+4"
"19",2,"Omarion Hampton",LAC,"RB9","7","5 out of 5","2 out of 5","3 out of 5 stars","-3"
"20",2,"Derrick Henry",BAL,"RB10","13","4 out of 5","2 out of 5","3 out of 5 stars","-2"
"21",2,"Kenneth Walker III",KC,"RB11","5","5 out of 5","3 out of 5","3 out of 5 stars","-4"
"22",3,"George Pickens",DAL,"WR10","14","4 out of 5","4 out of 5","2 out of 5 stars","+3"
"23",3,"Chris Olave",NO,"WR11","8","4 out of 5","4 out of 5","3 out of 5 stars","+5"
"24",3,"Trey McBride",ARI,"TE2","14","4 out of 5","2 out of 5","2 out of 5 stars","-1"
"25",3,"Ashton Jeanty",LV,"RB12","13","4 out of 5","4 out of 5","2 out of 5 stars","-14"
"26",3,"Malik Nabers",NYG,"WR12","8","4 out of 5","4 out of 5","4 out of 5 stars","+3"
"",3
"27",3,"Rashee Rice",KC,"WR13","5","4 out of 5","4 out of 5","2 out of 5 stars","+5"
"28",3,"DeVonta Smith",PHI,"WR14","10","4 out of 5","2 out of 5","4 out of 5 stars","+5"
"29",3,"Zay Flowers",BAL,"WR15","13","4 out of 5","2 out of 5","4 out of 5 stars","+6"
"30",3,"Kyren Williams",LAR,"RB13","11","4 out of 5","2 out of 5","5 out of 5 stars","-3"
"31",3,"Josh Allen",BUF,"QB1","7","5 out of 5","1 out of 5","3 out of 5 stars","-12"
"32",3,"Tee Higgins",CIN,"WR16","6","5 out of 5","2 out of 5","4 out of 5 stars","+6"
"33",3,"Tetairoa McMillan",CAR,"WR17","5","4 out of 5","3 out of 5","2 out of 5 stars","+6"
"34",3,"Javonte Williams",DAL,"RB14","14","4 out of 5","4 out of 5","4 out of 5 stars","-3"
"35",3,"Breece Hall",NYJ,"RB15","13","4 out of 5","4 out of 5","3 out of 5 stars","-1"
"36",3,"Josh Jacobs",GB,"RB16","11","4 out of 5","3 out of 5","4 out of 5 stars","-6"
"37",3,"Garrett Wilson",NYJ,"WR18","13","4 out of 5","3 out of 5","4 out of 5 stars","+7"
"38",4,"Jaylen Waddle",DEN,"WR19","10","4 out of 5","3 out of 5","2 out of 5 stars","+8"
"39",4,"Ladd McConkey",LAC,"WR20","7","4 out of 5","4 out of 5","2 out of 5 stars","+4"
"40",4,"Emeka Egbuka",TB,"WR21","10","5 out of 5","3 out of 5","4 out of 5 stars","+1"
"41",4,"Jeremiyah Love",ARI,"RB17","14","5 out of 5","3 out of 5","2 out of 5 stars","-15"
"42",4,"Colston Loveland",CHI,"TE3","10","5 out of 5","2 out of 5","2 out of 5 stars","0"
"43",4,"Lamar Jackson",BAL,"QB2","13","4 out of 5","3 out of 5","3 out of 5 stars","-6"
"44",4,"Travis Etienne Jr.",NO,"RB18","8","4 out of 5","3 out of 5","3 out of 5 stars","-4"
"45",4,"Terry McLaurin",WAS,"WR22","7","4 out of 5","2 out of 5","2 out of 5 stars","+11"
"46",4,"Davante Adams",LAR,"WR23","11","3 out of 5","4 out of 5","1 out of 5 stars","+11"
"47",4,"D'Andre Swift",CHI,"RB19","10","3 out of 5","3 out of 5","2 out of 5 stars","+2"
"48",4,"Drake Maye",NE,"QB3","11","5 out of 5","2 out of 5","2 out of 5 stars","+4"
"49",4,"Luther Burden III",CHI,"WR24","10","4 out of 5","4 out of 5","3 out of 5 stars","+5"
"50",4,"Cam Skattebo",NYG,"RB20","8","4 out of 5","4 out of 5","4 out of 5 stars","-14"
"51",4,"Jameson Williams",DET,"WR25","6","4 out of 5","3 out of 5","4 out of 5 stars","+9"
"52",4,"Tyler Warren",IND,"TE4","13","5 out of 5","2 out of 5","3 out of 5 stars","-1"
"53",4,"Bucky Irving",TB,"RB21","10","3 out of 5","4 out of 5","2 out of 5 stars","-6"
"54",4,"Quinshon Judkins",CLE,"RB22","11","4 out of 5","4 out of 5","3 out of 5 stars","-9"
"55",4,"DJ Moore",BUF,"WR26","7","4 out of 5","2 out of 5","4 out of 5 stars","-5"
"56",4,"David Montgomery",HOU,"RB23","8","4 out of 5","2 out of 5","4 out of 5 stars","-8"
"57",4,"Christian Watson",GB,"WR27","11","4 out of 5","4 out of 5","5 out of 5 stars","+9"
"58",4,"Mike Evans",SF,"WR28","8","4 out of 5","3 out of 5","2 out of 5 stars","+5"
"59",4,"Rome Odunze",CHI,"WR29","10","4 out of 5","3 out of 5","3 out of 5 stars","+5"
"60",4,"Joe Burrow",CIN,"QB4","6","4 out of 5","3 out of 5","3 out of 5 stars","-7"
"61",4,"Bhayshul Tuten",JAC,"RB24","7","4 out of 5","3 out of 5","4 out of 5 stars","-3"
"62",5,"TreVeyon Henderson",NE,"RB25","11","4 out of 5","4 out of 5","2 out of 5 stars","-7"
"63",5,"Jayden Daniels",WAS,"QB5","7","4 out of 5","4 out of 5","2 out of 5 stars","-2"
"64",5,"Jadarian Price",SEA,"RB26","11","4 out of 5","4 out of 5","4 out of 5 stars","-5"
"65",5,"Jalen Hurts",PHI,"QB6","10","4 out of 5","3 out of 5","5 out of 5 stars","-3"
"66",5,"Parker Washington",JAC,"WR30","7","4 out of 5","3 out of 5","4 out of 5 stars","+3"
"67",5,"Tucker Kraft",GB,"TE5","11","5 out of 5","2 out of 5","2 out of 5 stars","-2"
"68",5,"Carnell Tate",TEN,"WR31","9","4 out of 5","3 out of 5","3 out of 5 stars","+5"
"69",5,"Marvin Harrison Jr.",ARI,"WR32","14","4 out of 5","4 out of 5","2 out of 5 stars","+7"
"70",5,"Jaylen Warren",PIT,"RB27","9","4 out of 5","4 out of 5","2 out of 5 stars","-2"
"71",5,"Rhamondre Stevenson",NE,"RB28","11","4 out of 5","3 out of 5","2 out of 5 stars","+1"
"72",5,"Caleb Williams",CHI,"QB7","10","5 out of 5","2 out of 5","3 out of 5 stars","-1"
"73",5,"Brian Thomas Jr.",JAC,"WR33","7","3 out of 5","4 out of 5","4 out of 5 stars","+2"
"74",5,"Tony Pollard",TEN,"RB29","9","4 out of 5","2 out of 5","3 out of 5 stars","+6"
"75",5,"Harold Fannin Jr.",CLE,"TE6","11","4 out of 5","3 out of 5","3 out of 5 stars","-8"
"76",5,"DK Metcalf",PIT,"WR34","9","4 out of 5","3 out of 5","3 out of 5 stars","+6"
"77",5,"Justin Herbert",LAC,"QB8","7","4 out of 5","2 out of 5","2 out of 5 stars","0"
"78",5,"Sam LaPorta",DET,"TE7","6","4 out of 5","4 out of 5","3 out of 5 stars","-8"
"79",5,"Chris Godwin Jr.",TB,"WR35","10","4 out of 5","3 out of 5","4 out of 5 stars","+10"
"80",5,"Rico Dowdle",PIT,"RB30","9","4 out of 5","4 out of 5","2 out of 5 stars","-1"
"81",5,"Kyle Pitts Sr.",ATL,"TE8","11","4 out of 5","4 out of 5","3 out of 5 stars","-7"
"82",5,"Courtland Sutton",DEN,"WR36","10","2 out of 5","4 out of 5","2 out of 5 stars","+5"
"83",5,"Trevor Lawrence",JAC,"QB9","7","5 out of 5","2 out of 5","4 out of 5 stars","+2"
"84",5,"Dak Prescott",DAL,"QB10","14","4 out of 5","2 out of 5","2 out of 5 stars","-6"
"85",5,"Jonathon Brooks",CAR,"RB31","5","4 out of 5","3 out of 5","1 out of 5 stars","-1"
"86",5,"J.K. Dobbins",DEN,"RB32","10","4 out of 5","4 out of 5","2 out of 5 stars","+2"
"87",5,"Michael Pittman Jr.",PIT,"WR37","9","3 out of 5","3 out of 5","3 out of 5 stars","+23"
"88",6,"Michael Wilson",ARI,"WR38","14","-","-","2 out of 5 stars","-2"
"89",6,"Quentin Johnston",LAC,"WR39","7","4 out of 5","4 out of 5","2 out of 5 stars","+17"
"90",6,"Chuba Hubbard",CAR,"RB33","5","2 out of 5","4 out of 5","1 out of 5 stars","-9"
"",6
"91",6,"Blake Corum",LAR,"RB34","11","4 out of 5","4 out of 5","5 out of 5 stars","0"
"92",6,"Alec Pierce",IND,"WR40","13","4 out of 5","4 out of 5","4 out of 5 stars","+3"
"93",6,"George Kittle",SF,"TE9","8","4 out of 5","4 out of 5","3 out of 5 stars","-3"
"94",6,"Josh Downs",IND,"WR41","13","3 out of 5","4 out of 5","4 out of 5 stars","+11"
"95",6,"RJ Harvey",DEN,"RB35","10","2 out of 5","4 out of 5","2 out of 5 stars","-12"
"96",6,"Wan'Dale Robinson",TEN,"WR42","9","3 out of 5","3 out of 5","3 out of 5 stars","+27"
"97",6,"Jacory Croskey-Merritt",WAS,"RB36","7","4 out of 5","4 out of 5","4 out of 5 stars","+1"
"98",6,"Stefon Diggs",WAS,"WR43","7","4 out of 5","2 out of 5","2 out of 5 stars","+13"
"99",6,"Brock Purdy",SF,"QB11","8","4 out of 5","2 out of 5","1 out of 5 stars","+8"
"100",6,"Travis Kelce",KC,"TE10","5","3 out of 5","3 out of 5","4 out of 5 stars","-7"
"101",6,"Jordan Mason",MIN,"RB37","6","4 out of 5","3 out of 5","4 out of 5 stars","-4"
"102",6,"Jordan Addison",MIN,"WR44","6","4 out of 5","4 out of 5","5 out of 5 stars","+6"
"103",6,"Jaxson Dart",NYG,"QB12","8","4 out of 5","4 out of 5","4 out of 5 stars","-11"
"104",6,"Jayden Reed",GB,"WR45","11","4 out of 5","4 out of 5","5 out of 5 stars","+8"
"105",6,"Kenny Gainwell",TB,"RB38","10","4 out of 5","3 out of 5","2 out of 5 stars","+4"
"106",6,"Kyle Monangai",CHI,"RB39","10","4 out of 5","4 out of 5","2 out of 5 stars","-12"
"107",6,"Bo Nix",DEN,"QB13","10","4 out of 5","2 out of 5","3 out of 5 stars","-6"
"108",6,"Patrick Mahomes II",KC,"QB14","5","2 out of 5","4 out of 5","2 out of 5 stars","-4"
"109",6,"Rachaad White",WAS,"RB40","7","4 out of 5","3 out of 5","4 out of 5 stars","+5"
"110",6,"Jakobi Meyers",JAC,"WR46","7","3 out of 5","3 out of 5","4 out of 5 stars","+18"
"111",6,"Dalton Kincaid",BUF,"TE11","7","3 out of 5","4 out of 5","3 out of 5 stars","-12"
"112",6,"Makai Lemon",PHI,"WR47","10","4 out of 5","3 out of 5","4 out of 5 stars","-9"
"113",6,"Matthew Stafford",LAR,"QB15","11","4 out of 5","2 out of 5","3 out of 5 stars","-13"
"114",6,"Aaron Jones Sr.",MIN,"RB41","6","1 out of 5","4 out of 5","4 out of 5 stars","+5"
"115",6,"Jared Goff",DET,"QB16","6","3 out of 5","2 out of 5","5 out of 5 stars","+3"
"116",6,"Dallas Goedert",PHI,"TE12","10","4 out of 5","3 out of 5","4 out of 5 stars","+6"
"117",6,"Isaiah Likely",NYG,"TE13","8","4 out of 5","4 out of 5","3 out of 5 stars","-15"
"118",6,"KC Concepcion",CLE,"WR48","11","4 out of 5","3 out of 5","3 out of 5 stars","+9"
"119",6,"Mark Andrews",BAL,"TE14","13","4 out of 5","4 out of 5","4 out of 5 stars","-2"
"120",6,"Xavier Worthy",KC,"WR49","5","4 out of 5","4 out of 5","2 out of 5 stars","+13"
"121",6,"Chris Rodriguez Jr.",JAC,"RB42","7","2 out of 5","4 out of 5","4 out of 5 stars","+25"
"122",6,"Kyler Murray",MIN,"QB17","6","4 out of 5","3 out of 5","5 out of 5 stars","+2"
"123",6,"Baker Mayfield",TB,"QB18","10","3 out of 5","4 out of 5","2 out of 5 stars","+8"
"124",6,"Matthew Golden",GB,"WR50","11","3 out of 5","4 out of 5","5 out of 5 stars","+6"
"125",6,"Jalen Coker",CAR,"WR51","5","4 out of 5","3 out of 5","2 out of 5 stars","+33"
"126",6,"Khalil Shakir",BUF,"WR52","7","2 out of 5","4 out of 5","4 out of 5 stars","+29"
"127",6,"Tyler Allgeier",ARI,"RB43","14","3 out of 5","4 out of 5","2 out of 5 stars","+12"
"128",6,"Jake Ferguson",DAL,"TE15","14","2 out of 5","4 out of 5","2 out of 5 stars","-15"
"129",6,"Jordan Love",GB,"QB19","11","4 out of 5","3 out of 5","4 out of 5 stars","+8"
"130",7,"Woody Marks",HOU,"RB44","8","3 out of 5","4 out of 5","4 out of 5 stars","+14"
"131",7,"Jordyn Tyson",NO,"WR53","8","3 out of 5","4 out of 5","3 out of 5 stars","-35"
"132",7,"Tyler Shough",NO,"QB20","8","4 out of 5","2 out of 5","3 out of 5 stars","+25"
"133",7,"Romeo Doubs",NE,"WR54","11","4 out of 5","3 out of 5","2 out of 5 stars","+14"
"134",7,"Tyjae Spears",TEN,"RB45","9","3 out of 5","4 out of 5","3 out of 5 stars","+27"
"135",7,"Deebo Samuel Sr.",SF,"WR55","8","4 out of 5","3 out of 5","2 out of 5 stars","-6"
"136",7,"Juwan Johnson",NO,"TE16","8","4 out of 5","2 out of 5","2 out of 5 stars","+17"
"137",7,"Keaton Mitchell",LAC,"RB46","7","4 out of 5","3 out of 5","3 out of 5 stars","+22"
"138",7,"Malik Willis",MIA,"QB21","6","4 out of 5","4 out of 5","3 out of 5 stars","+16"
"139",7,"Tank Bigsby",PHI,"RB47","10","4 out of 5","3 out of 5","4 out of 5 stars","+23"
"140",7,"Tyrone Tracy Jr.",NYG,"RB48","8","2 out of 5","4 out of 5","4 out of 5 stars","+3"
"141",7,"Zach Charbonnet",SEA,"RB49","11","3 out of 5","4 out of 5","4 out of 5 stars","-9"
"142",7,"Jonah Coleman",DEN,"RB50","10","4 out of 5","4 out of 5","2 out of 5 stars","+7"
"143",7,"Hunter Henry",NE,"TE17","11","2 out of 5","4 out of 5","4 out of 5 stars","+7"
"144",7,"De'Zhaun Stribling",SF,"WR56","8","3 out of 5","4 out of 5","2 out of 5 stars","-24"
"145",7,"Chig Okonkwo",WAS,"TE18","7","4 out of 5","4 out of 5","1 out of 5 stars","+19"
"146",7,"Brenton Strange",JAC,"TE19","7","4 out of 5","3 out of 5","3 out of 5 stars","+10"
"147",7,"Sam Darnold",SEA,"QB22","11","2 out of 5","4 out of 5","4 out of 5 stars","-2"
"148",7,"Dylan Sampson",CLE,"RB51","11","4 out of 5","2 out of 5","3 out of 5 stars","+55"
"149",7,"C.J. Stroud",HOU,"QB23","8","3 out of 5","4 out of 5","4 out of 5 stars","+20"
"150",7,"Alvin Kamara",NO,"RB52","8","2 out of 5","4 out of 5","3 out of 5 stars","-14"
"151",7,"Rashid Shaheed",SEA,"WR57","11","3 out of 5","4 out of 5","3 out of 5 stars","-11"
"152",7,"Denzel Boston",CLE,"WR58","11","4 out of 5","4 out of 5","3 out of 5 stars","+16"
"153",7,"Adonai Mitchell",NYJ,"WR59","13","4 out of 5","4 out of 5","4 out of 5 stars","+82"
"154",7,"Dalton Schultz",HOU,"TE20","8","4 out of 5","2 out of 5","4 out of 5 stars","+30"
"155",7,"Daniel Jones",IND,"QB24","13","4 out of 5","4 out of 5","4 out of 5 stars","+19"
"156",7,"Brian Robinson Jr.",ATL,"RB53","11","2 out of 5","4 out of 5","2 out of 5 stars","-14"
"157",7,"Cam Ward",TEN,"QB25","9","4 out of 5","4 out of 5","3 out of 5 stars","+15"
"158",7,"Isiah Pacheco",DET,"RB54","6","3 out of 5","4 out of 5","5 out of 5 stars","-7"
"159",7,"Tre Tucker",LV,"WR60","13","4 out of 5","2 out of 5","2 out of 5 stars","+61"
"160",7,"Jauan Jennings",MIN,"WR61","6","2 out of 5","4 out of 5","5 out of 5 stars","+16"
"161",7,"Jalen McMillan",TB,"WR62","10","4 out of 5","3 out of 5","4 out of 5 stars","+21"
"162",7,"Jerry Jeudy",CLE,"WR63","11","2 out of 5","4 out of 5","3 out of 5 stars","+56"
"163",7,"Braelon Allen",NYJ,"RB55","13","2 out of 5","4 out of 5","3 out of 5 stars","+47"
"164",7,"T.J. Hockenson",MIN,"TE21","6","3 out of 5","4 out of 5","4 out of 5 stars","+6"
"165",7,"AJ Barner",SEA,"TE22","11","4 out of 5","2 out of 5","3 out of 5 stars","+23"
"166",7,"Mike Washington Jr.",LV,"RB56","13","3 out of 5","4 out of 5","2 out of 5 stars","-31"
"167",8,"MarShawn Lloyd",GB,"RB57","11","4 out of 5","4 out of 5","4 out of 5 stars","+4"
"168",8,"Bryce Young",CAR,"QB26","5","2 out of 5","4 out of 5","2 out of 5 stars","+7"
"169",8,"Dontayvion Wicks",PHI,"WR64","10","4 out of 5","4 out of 5","4 out of 5 stars","+54"
"170",8,"Oronde Gadsden II",LAC,"TE23","7","3 out of 5","4 out of 5","4 out of 5 stars","-4"
"171",8,"Jalen Nailor",LV,"WR65","13","-","-","2 out of 5 stars","-11"
"172",8,"Tre' Harris",LAC,"WR66","7","4 out of 5","2 out of 5","2 out of 5 stars","+52"
"173",8,"Ray Davis",BUF,"RB58","7","4 out of 5","4 out of 5","2 out of 5 stars","+55"
"174",8,"Terrance Ferguson",LAR,"TE24","11","4 out of 5","4 out of 5","4 out of 5 stars","+15"
"175",8,"Omar Cooper Jr.",NYJ,"WR67","13","4 out of 5","4 out of 5","4 out of 5 stars","+8"
"176",8,"Ryan Flournoy",DAL,"WR68","14","4 out of 5","2 out of 5","2 out of 5 stars","+79"
"177",8,"Pat Bryant",DEN,"WR69","10","4 out of 5","4 out of 5","2 out of 5 stars","+66"
"178",8,"Emmett Johnson",KC,"RB59","5","4 out of 5","4 out of 5","3 out of 5 stars","+44"
"179",8,"Kayshon Boutte",HOU,"WR70","8","3 out of 5","4 out of 5","3 out of 5 stars","+52"
"180",8,"Malik Washington",MIA,"WR71","6","3 out of 5","4 out of 5","3 out of 5 stars","+32"
"181",8,"Jacoby Brissett",ARI,"QB27","14","2 out of 5","4 out of 5","2 out of 5 stars","+53"
"182",8,"Sean Tucker",TB,"RB60","10","4 out of 5","4 out of 5","2 out of 5 stars","+60"
"183",8,"Keenan Allen",IND,"WR72","13","3 out of 5","3 out of 5","4 out of 5 stars","-3"
"184",8,"Kenyon Sadiq",NYJ,"TE25","13","3 out of 5","4 out of 5","4 out of 5 stars","-11"
"185",8,"Kimani Vidal",LAC,"RB61","7","1 out of 5","4 out of 5","3 out of 5 stars","+62"
"186",8,"Gunnar Helm",TEN,"TE26","9","3 out of 5","3 out of 5","3 out of 5 stars","+60"
"187",8,"Jaylin Noel",HOU,"WR73","8","4 out of 5","4 out of 5","3 out of 5 stars","+106"
"188",8,"Calvin Ridley",TEN,"WR74","9","2 out of 5","4 out of 5","3 out of 5 stars","+37"
"189",8,"Travis Hunter",JAC,"WR75","7","3 out of 5","4 out of 5","4 out of 5 stars","-8"
"190",8,"Tank Dell",HOU,"WR76","8","4 out of 5","4 out of 5","3 out of 5 stars","+23"
"191",8,"Houston Texans",HOU,"DST1","8","-","-","2 out of 5 stars","-75"
"192",8,"Nicholas Singleton",TEN,"RB62","9","3 out of 5","4 out of 5","3 out of 5 stars","+35"
"193",8,"Denver Broncos",DEN,"DST2","10","-","-","4 out of 5 stars","-68"
"194",8,"Seattle Seahawks",SEA,"DST3","11","-","-","2 out of 5 stars","-68"
"195",8,"Los Angeles Rams",LAR,"DST4","11","-","-","2 out of 5 stars","-80"
"196",8,"Pat Freiermuth",PIT,"TE27","9","3 out of 5","4 out of 5","2 out of 5 stars","-2"
"197",8,"Cade Otton",TB,"TE28","10","2 out of 5","4 out of 5","2 out of 5 stars","+47"
"198",8,"Geno Smith",NYJ,"QB28","13","2 out of 5","4 out of 5","4 out of 5 stars","+42"
"199",8,"Philadelphia Eagles",PHI,"DST5","10","-","-","0 out of 5 stars","-61"
"200",8,"Jacksonville Jaguars",JAC,"DST6","7","-","-","3 out of 5 stars","-13"
"201",8,"New England Patriots",NE,"DST7","11","-","-","3 out of 5 stars","-36"
"202",8,"Aaron Rodgers",PIT,"QB29","9","1 out of 5","4 out of 5","2 out of 5 stars","-25"
"203",8,"Pittsburgh Steelers",PIT,"DST8","9","-","-","5 out of 5 stars","-13"
"204",8,"Isaac TeSlaa",DET,"WR77","6","3 out of 5","4 out of 5","4 out of 5 stars","-8"
"205",8,"Brandon Aubrey",DAL,"K1","14","5 out of 5","1 out of 5","2 out of 5 stars","-84"
"206",8,"Kaytron Allen",WAS,"RB63","7","3 out of 5","4 out of 5","4 out of 5 stars","+35"
"207",8,"Emanuel Wilson",SEA,"RB64","11","3 out of 5","4 out of 5","4 out of 5 stars","+67"
"208",8,"Los Angeles Chargers",LAC,"DST9","7","-","-","3 out of 5 stars","-16"
"209",8,"Minnesota Vikings",MIN,"DST10","6","-","-","1 out of 5 stars","-31"
"210",8,"Cameron Dicker",LAC,"K2","7","5 out of 5","1 out of 5","2 out of 5 stars","-69"
"211",8,"Jaydon Blue",DAL,"RB65","14","4 out of 5","4 out of 5","4 out of 5 stars","+15"
"212",8,"Rashod Bateman",BAL,"WR78","13","3 out of 5","4 out of 5","4 out of 5 stars","+145"
"213",8,"James Conner",ARI,"RB66","14","3 out of 5","4 out of 5","2 out of 5 stars","-20"
"214",8,"Ka'imi Fairbairn",HOU,"K3","8","5 out of 5","1 out of 5","2 out of 5 stars","-80"
"215",8,"Cam Little",JAC,"K4","7","-","-","4 out of 5 stars","-52"
"216",8,"Darnell Mooney",NYG,"WR79","8","3 out of 5","4 out of 5","4 out of 5 stars","+61"
"217",9,"Kansas City Chiefs",KC,"DST11","5","-","-","3 out of 5 stars","+4"
"218",9,"Troy Franklin",DEN,"WR80","10","1 out of 5","4 out of 5","2 out of 5 stars","+87"
"219",9,"Baltimore Ravens",BAL,"DST12","13","-","-","5 out of 5 stars","-28"
"220",9,"Jason Myers",SEA,"K5","11","4 out of 5","1 out of 5","4 out of 5 stars","-72"
"221",9,"Tyler Loop",BAL,"K6","13","-","-","3 out of 5 stars","-23"
"222",9,"Eddy Pineiro",SF,"K7","8","4 out of 5","1 out of 5","5 out of 5 stars","-25"
"223",9,"Cooper Kupp",SEA,"WR81","11","3 out of 5","4 out of 5","3 out of 5 stars","-28"
"224",9,"Jaylen Wright",MIA,"RB67","6","-","-","3 out of 5 stars","+27"
"225",9,"Jake Bates",DET,"K8","6","4 out of 5","2 out of 5","5 out of 5 stars","-40"
"226",9,"Green Bay Packers",GB,"DST13","11","-","-","2 out of 5 stars","-24"
"227",9,"George Holani",SEA,"RB68","11","3 out of 5","4 out of 5","4 out of 5 stars","+35"
"228",9,"David Njoku",LAC,"TE29","7","4 out of 5","4 out of 5","4 out of 5 stars","-49"
"229",9,"Colby Parkinson",LAR,"TE30","11","-","-","4 out of 5 stars","+44"
"230",9,"Fernando Mendoza",LV,"QB30","13","4 out of 5","3 out of 5","1 out of 5 stars","-63"
"231",9,"Harrison Mevis",LAR,"K9","11","4 out of 5","2 out of 5","2 out of 5 stars","-45"
"232",9,"Buffalo Bills",BUF,"DST14","7","-","-","3 out of 5 stars","+7"
"233",9,"Cairo Santos",CHI,"K10","10","3 out of 5","3 out of 5","0 out of 5 stars","0"
"234",9,"Detroit Lions",DET,"DST15","6","-","-","5 out of 5 stars","-29"
"235",9,"Evan Engram",DEN,"TE31","10","-","-","4 out of 5 stars","+45"
"236",9,"Ollie Gordon II",MIA,"RB69","6","3 out of 5","4 out of 5","3 out of 5 stars","+126"
"237",9,"Germie Bernard",PIT,"WR82","9","2 out of 5","4 out of 5","3 out of 5 stars","+22"
"238",9,"Zachariah Branch",ATL,"WR83","11","3 out of 5","4 out of 5","3 out of 5 stars","-2"
"239",9,"Chase McLaughlin",TB,"K11","10","4 out of 5","2 out of 5","3 out of 5 stars","-25"
"240",9,"Andy Borregales",NE,"K12","11","-","-","1 out of 5 stars","-33"
"241",9,"Devaughn Vele",NO,"WR84","8","-","-","3 out of 5 stars","+35"
"242",9,"Jack Bech",LV,"WR85","13","3 out of 5","4 out of 5","2 out of 5 stars","+99"
"243",9,"Evan McPherson",CIN,"K13","6","4 out of 5","2 out of 5","2 out of 5 stars","-35"
"244",9,"Tua Tagovailoa",ATL,"QB31","11","2 out of 5","4 out of 5","4 out of 5 stars","+4"
"245",9,"Malachi Fields",NYG,"WR86","8","4 out of 5","4 out of 5","4 out of 5 stars","-13"
"246",9,"Antonio Williams",WAS,"WR87","7","4 out of 5","2 out of 5","2 out of 5 stars","+12"
"247",9,"Justice Hill",BAL,"RB70","13","-","-","3 out of 5 stars","-17"
"248",9,"Isaiah Davis",NYJ,"RB71","13","2 out of 5","4 out of 5","3 out of 5 stars","+130"
"249",9,"Demond Claiborne",MIN,"RB72","6","3 out of 5","4 out of 5","4 out of 5 stars","-4"
"250",9,"Elic Ayomanor",TEN,"WR88","9","1 out of 5","5 out of 5","3 out of 5 stars","-"
"251",9,"Cleveland Browns",CLE,"DST16","11","-","-","5 out of 5 stars","-1"
"252",9,"Tory Horton",SEA,"WR89","11","4 out of 5","4 out of 5","3 out of 5 stars","+39"
"253",9,"Kaelon Black",SF,"RB73","8","3 out of 5","4 out of 5","2 out of 5 stars","-38"
"254",9,"Harrison Butker",KC,"K14","5","-","-","5 out of 5 stars","-55"
"255",9,"Chris Brooks",GB,"RB74","11","2 out of 5","4 out of 5","4 out of 5 stars","+111"
"256",9,"Keon Coleman",BUF,"WR90","7","2 out of 5","4 out of 5","4 out of 5 stars","+7"
"257",9,"Samaje Perine",CIN,"RB75","6","1 out of 5","4 out of 5","2 out of 5 stars","+22"
"258",9,"Ted Hurst III",TB,"WR91","10","4 out of 5","4 out of 5","4 out of 5 stars","+13"
"259",9,"Chris Boswell",PIT,"K15","9","4 out of 5","1 out of 5","4 out of 5 stars","-48"
"260",9,"Chimere Dike",TEN,"WR92","9","1 out of 5","5 out of 5","3 out of 5 stars","+122"
"261",9,"Najee Harris",NYG,"RB76","8","2 out of 5","4 out of 5","4 out of 5 stars","+14"
"262",9,"Jordan James",SF,"RB77","8","2 out of 5","4 out of 5","2 out of 5 stars","-13"
"263",9,"Ja'Kobi Lane",BAL,"WR93","13","4 out of 5","4 out of 5","4 out of 5 stars","-111"
"264",9,"Wil Lutz",DEN,"K16","10","-","-","1 out of 5 stars","-10"
"265",9,"Michael Penix Jr.",ATL,"QB32","11","2 out of 5","5 out of 5","4 out of 5 stars","-4"
"266",9,"Chris Bell",MIA,"WR94","6","4 out of 5","4 out of 5","3 out of 5 stars","+2"
"267",9,"LeQuint Allen Jr.",JAC,"RB78","7","2 out of 5","4 out of 5","4 out of 5 stars","+101"
"268",9,"Ty Johnson",BUF,"RB79","7","-","-","2 out of 5 stars","+4"
"269",9,"Kirk Cousins",LV,"QB33","13","3 out of 5","4 out of 5","1 out of 5 stars","-9"
"270",9,"Tyquan Thornton",KC,"WR95","5","2 out of 5","5 out of 5","2 out of 5 stars","+63"
"271",9,"Darius Slayton",NYG,"WR96","8","2 out of 5","4 out of 5","4 out of 5 stars","-"
"272",9,"Mason Taylor",NYJ,"TE32","13","1 out of 5","4 out of 5","4 out of 5 stars","+76"
"273",9,"Shedeur Sanders",CLE,"QB34","11","3 out of 5","4 out of 5","4 out of 5 stars","-9"
"274",9,"Christian Kirk",SF,"WR97","8","2 out of 5","4 out of 5","2 out of 5 stars","+39"
"275",9,"DJ Giddens",IND,"RB80","13","2 out of 5","4 out of 5","4 out of 5 stars","+88"
"276",9,"Malik Davis",DAL,"RB81","14","-","-","4 out of 5 stars","+93"
"277",9,"Greg Dulcich",MIA,"TE33","6","4 out of 5","4 out of 5","5 out of 5 stars","-73"
"278",9,"Elijah Sarratt",BAL,"WR98","13","3 out of 5","4 out of 5","4 out of 5 stars","+92"
"279",9,"Trey Benson",FA,"RB82","-","2 out of 5","4 out of 5","-","+25"
"280",9,"Deshaun Watson",CLE,"QB35","11","1 out of 5","5 out of 5","4 out of 5 stars","-14"
"281",9,"Will Reichard",MIN,"K17","6","-","-","2 out of 5 stars","-81"
"282",9,"Xavier Legette",CAR,"WR99","5","2 out of 5","4 out of 5","2 out of 5 stars","+89"
"283",9,"Caleb Douglas",MIA,"WR100","6","2 out of 5","4 out of 5","3 out of 5 stars","-54"
"284",9,"Theo Johnson",NYG,"TE34","8","1 out of 5","5 out of 5","3 out of 5 stars","+17"
"285",9,"Devin Neal",NO,"RB83","8","2 out of 5","4 out of 5","3 out of 5 stars","+40"
"286",9,"Seth McGowan",IND,"RB84","13","4 out of 5","4 out of 5","4 out of 5 stars","+88"
"287",9,"San Francisco 49ers",SF,"DST17","8","-","-","3 out of 5 stars","-68"
"288",9,"Eli Stowers",PHI,"TE35","10","4 out of 5","4 out of 5","4 out of 5 stars","-23"
"289",9,"Marvin Mims Jr.",DEN,"WR101","10","3 out of 5","4 out of 5","2 out of 5 stars","-"
"290",9,"Adam Randall",BAL,"RB85","13","3 out of 5","4 out of 5","3 out of 5 stars","+60"
"291",9,"Kendre Miller",NO,"RB86","8","2 out of 5","4 out of 5","3 out of 5 stars","-"
"292",9,"Brashard Smith",KC,"RB87","5","-","-","3 out of 5 stars","+53"
"293",9,"Atlanta Falcons",ATL,"DST18","11","-","-","4 out of 5 stars","-37"
"294",9,"Emari Demercado",KC,"RB88","5","1 out of 5","5 out of 5","3 out of 5 stars","+81"
"295",10,"Devin Singletary",NYG,"RB89","8","-","-","4 out of 5 stars","-26"
"296",10,"Trevor Etienne",CAR,"RB90","5","-","-","1 out of 5 stars","-"
"297",10,"Hollywood Brown",PHI,"WR102","10","-","-","4 out of 5 stars","+37"
"298",10,"Kaleb Johnson",PIT,"RB91","9","2 out of 5","5 out of 5","2 out of 5 stars","+21"
"299",10,"Mack Hollins",NE,"WR103","11","-","-","2 out of 5 stars","-"
"300",10,"Tahj Brooks",CIN,"RB92","6","-","-","2 out of 5 stars","-"
"301",10,"Cyrus Allen",KC,"WR104","5","4 out of 5","4 out of 5","2 out of 5 stars","-84"
"302",10,"New Orleans Saints",NO,"DST19","8","-","-","5 out of 5 stars","-8"
"303",10,"Kyle Williams",NE,"WR105","11","-","-","2 out of 5 stars","-"
"304",10,"Isaac Guerendo",SF,"RB93","8","-","-","2 out of 5 stars","-"
"305",10,"Jerome Ford",WAS,"RB94","7","2 out of 5","4 out of 5","4 out of 5 stars","+47"
"306",10,"Mike Gesicki",CIN,"TE36","6","-","-","3 out of 5 stars","+11"
"307",10,"Isaiah Bond",CLE,"WR106","11","-","-","3 out of 5 stars","-"
"308",10,"Jarquez Hunter",LAR,"RB95","11","-","-","5 out of 5 stars","-"
"309",10,"Jaleel McLaughlin",DEN,"RB96","10","-","-","2 out of 5 stars","-"
"310",10,"Charlie Smyth",NO,"K18","8","-","-","5 out of 5 stars","-7"
"311",10,"Skyler Bell",BUF,"WR107","7","-","-","4 out of 5 stars","+70"
"312",10,"Audric Estime",NO,"RB97","8","-","-","3 out of 5 stars","-"
"313",10,"Brandon Aiyuk",SF,"WR108","8","2 out of 5","5 out of 5","2 out of 5 stars","-17"
"314",10,"Indianapolis Colts",IND,"DST20","13","-","-","5 out of 5 stars","+66"
"315",10,"Will Shipley",PHI,"RB98","10","-","-","4 out of 5 stars","-"
"316",10,"Tyreek Hill",FA,"WR109","-","1 out of 5","5 out of 5","-","-110"
"317",10,"Andrei Iosivas",CIN,"WR110","6","-","-","4 out of 5 stars","+59"
"318",10,"Jake Tonges",SF,"TE37","8","-","-","3 out of 5 stars","-61"
"319",10,"Chicago Bears",CHI,"DST21","10","-","-","2 out of 5 stars","-103"
"320",10,"Darnell Washington",PIT,"TE38","9","-","-","2 out of 5 stars","-"
"321",10,"Darren Waller",CAR,"TE39","5","-","-","2 out of 5 stars","+15"
"322",10,"Oscar Delp",NO,"TE40","8","4 out of 5","4 out of 5","2 out of 5 stars","-"
"323",10,"Kareem Hunt",FA,"RB99","-","-","-","-","-35"
"324",10,"Michael Mayer",LV,"TE41","13","-","-","3 out of 5 stars","+14"
"325",10,"Jahan Dotson",ATL,"WR111","11","-","-","3 out of 5 stars","+39"
"326",11,"DeMario Douglas",NE,"WR112","11","-","-","2 out of 5 stars","-"
"327",11,"Elijah Arroyo",SEA,"TE42","11","-","-","3 out of 5 stars","+50"
"328",11,"Joe Mixon",FA,"RB100","-","-","-","-","-"
"329",11,"Carson Beck",ARI,"QB36","14","-","-","2 out of 5 stars","-51"
"330",11,"J.J. McCarthy",MIN,"QB37","6","-","-","5 out of 5 stars","-33"
"331",11,"Jalen Tolbert",MIA,"WR113","6","-","-","3 out of 5 stars","-48"
"332",11,"Bryce Lance",NO,"WR114","8","-","-","3 out of 5 stars","+35"
"333",11,"Konata Mumpfield",LAR,"WR115","11","-","-","1 out of 5 stars","-"
"334",11,"Erick All Jr.",CIN,"TE43","6","-","-","3 out of 5 stars","-"
"335",11,"Xavier Hutchinson",HOU,"WR116","8","-","-","3 out of 5 stars","+30"
"336",11,"Cedric Tillman",CLE,"WR117","11","-","-","3 out of 5 stars","-"
"337",11,"Charlie Kolar",LAC,"TE44","7","-","-","4 out of 5 stars","-9"
"338",11,"Eli Raridon",NE,"TE45","11","-","-","4 out of 5 stars","-"
"339",11,"Dallas Cowboys",DAL,"DST22","14","-","-","1 out of 5 stars","-138"
"340",11,"Mac Jones",SF,"QB38","8","-","-","1 out of 5 stars","-"
"341",11,"Calvin Austin III",NYG,"WR118","8","-","-","4 out of 5 stars","-"
"342",11,"Cole Kmet",CHI,"TE46","10","-","-","2 out of 5 stars","-"
"343",11,"Tyler Higbee",LAR,"TE47","11","-","-","4 out of 5 stars","-"
"344",11,"Noah Gray",KC,"TE48","5","-","-","4 out of 5 stars","-"
"345",11,"Dawson Knox",BUF,"TE49","7","-","-","3 out of 5 stars","-"
"346",11,"Tez Johnson",TB,"WR119","10","-","-","4 out of 5 stars","-"
"347",11,"Bam Knight",ARI,"RB101","14","-","-","2 out of 5 stars","-"
"348",11,"Brenen Thompson",LAC,"WR120","7","-","-","2 out of 5 stars","+25"
"349",11,"Luke McCaffrey",WAS,"WR121","7","-","-","2 out of 5 stars","-"
"350",11,"Max Klare",LAR,"TE50","11","-","-","4 out of 5 stars","-"
"351",11,"Jalen Royals",KC,"WR122","5","-","-","2 out of 5 stars","-"
"352",11,"Chris Brazzell II",CAR,"WR123","5","-","-","2 out of 5 stars","-"
"353",11,"Olamide Zaccheaus",ATL,"WR124","11","-","-","3 out of 5 stars","-"
"354",11,"Justin Fields",KC,"QB39","5","-","-","2 out of 5 stars","-55"
"355",11,"Kendrick Bourne",ARI,"WR125","14","-","-","2 out of 5 stars","-"
"356",11,"Joshua Palmer",BUF,"WR126","7","-","-","4 out of 5 stars","+23"
"357",11,"Ja'Tavion Sanders",CAR,"TE51","5","-","-","2 out of 5 stars","-"
"358",11,"Eli Heidenreich",PIT,"RB102","9","-","-","2 out of 5 stars","-"
"359",11,"Michael Carter",TEN,"RB103","9","-","-","3 out of 5 stars","-"
"360",11,"Ty Simpson",LAR,"QB40","11","-","-","3 out of 5 stars","-78"
"361",11,"Carolina Panthers",CAR,"DST23","5","-","-","3 out of 5 stars","-"
"362",11,"Treylon Burks",WAS,"WR127","7","-","-","2 out of 5 stars","-"
"363",11,"Justin Joly",DEN,"TE52","10","-","-","4 out of 5 stars","-"
"364",11,"Jake Elliott",PHI,"K19","10","-","-","5 out of 5 stars","-127"
"365",11,"Jawhar Jordan",HOU,"RB104","8","-","-","4 out of 5 stars","-"
"366",11,"Tyler Bass",BUF,"K20","7","-","-","2 out of 5 stars","-114"
"367",11,"Savion Williams",GB,"WR128","11","-","-","5 out of 5 stars","-"
"368",11,"Anthony Richardson Sr.",IND,"QB41","13","-","-","4 out of 5 stars","-"
"369",11,"Dont'e Thornton Jr.",LV,"WR129","13","-","-","2 out of 5 stars","-"
"370",11,"Jaylin Lane",WAS,"WR130","7","-","-","2 out of 5 stars","-"
"371",11,"Kalif Raymond",CHI,"WR131","10","-","-","3 out of 5 stars","-"
"372",11,"John Metchie III",CAR,"WR132","5","-","-","2 out of 5 stars","-"
"373",11,"Raheim Sanders",CLE,"RB105","11","-","-","3 out of 5 stars","-"
"374",11,"Kevin Coleman Jr.",MIA,"WR133","6","-","-","3 out of 5 stars","-"
"375",11,"Joe Flacco",CIN,"QB42","6","-","-","3 out of 5 stars","-66"
"376",11,"Malik Benson",LV,"WR134","13","-","-","2 out of 5 stars","-89"
"377",11,"KaVontae Turpin",DAL,"WR135","14","-","-","2 out of 5 stars","-"
"378",11,"Roschon Johnson",CHI,"RB106","10","-","-","2 out of 5 stars","-"
"379",11,"Phil Mafah",DAL,"RB107","14","-","-","4 out of 5 stars","-"
"380",11,"Tommy Tremble",CAR,"TE53","5","-","-","2 out of 5 stars","-"
"381",11,"J'Mari Taylor",JAC,"RB108","7","-","-","4 out of 5 stars","-"
"382",11,"Noah Fant",NO,"TE54","8","-","-","2 out of 5 stars","-"
"383",11,"CJ Daniels",LAR,"WR136","11","-","-","1 out of 5 stars","-"
"384",11,"Roman Wilson",PIT,"WR137","9","-","-","3 out of 5 stars","-"
"385",11,"New York Giants",NYG,"DST24","8","-","-","1 out of 5 stars","-147"
"386",11,"Tampa Bay Buccaneers",TB,"DST25","10","-","-","4 out of 5 stars","-102"
"387",11,"Zane Gonzalez",FA,"K21","-","-","-","-","-"
"388",11,"Zavion Thomas",CHI,"WR138","10","-","-","3 out of 5 stars","-"
"389",11,"Joe Milton III",DAL,"QB43","14","-","-","2 out of 5 stars","-"
"390",11,"Colbie Young",CIN,"WR139","6","-","-","4 out of 5 stars","-"
"391",11,"Ben Sinnott",WAS,"TE55","7","-","-","1 out of 5 stars","-"
"392",11,"Cincinnati Bengals",CIN,"DST26","6","-","-","4 out of 5 stars","-"
"393",11,"Jam Miller",NE,"RB109","11","-","-","2 out of 5 stars","-"
"394",11,"Luke Musgrave",GB,"TE56","11","-","-","2 out of 5 stars","-"
"395",11,"Austin Ekeler",FA,"RB110","-","-","-","-","-128"
"396",11,"Mitchell Evans",CAR,"TE57","5","-","-","2 out of 5 stars","-"
"397",11,"Trey Smack",GB,"K22","11","-","-","4 out of 5 stars","-188"
"398",11,"Tennessee Titans",TEN,"DST27","9","-","-","2 out of 5 stars","-56"
"399",11,"John Bates",WAS,"TE58","7","-","-","1 out of 5 stars","-"
"400",11,"Austin Hooper",ATL,"TE59","11","-","-","3 out of 5 stars","-"
"401",11,"Jordan Whittington",LAR,"WR140","11","-","-","1 out of 5 stars","-"
"402",11,"Nick Westbrook-Ikhine",IND,"WR141","13","-","-","4 out of 5 stars","-"
"403",11,"Rasheen Ali",BAL,"RB111","13","-","-","3 out of 5 stars","-"
"404",12,"Demarcus Robinson",SF,"WR142","8","-","-","2 out of 5 stars","-"
"405",12,"Daniel Bellinger",TEN,"TE60","9","-","-","3 out of 5 stars","-"
"406",12,"Cade Klubnik",NYJ,"QB44","13","-","-","4 out of 5 stars","-"
"407",12,"Barion Brown",NO,"WR143","8","-","-","3 out of 5 stars","-"
"408",12,"Jameis Winston",NYG,"QB45","8","-","-","4 out of 5 stars","-"
"409",12,"Devontez Walker",BAL,"WR144","13","-","-","4 out of 5 stars","-"
"410",12,"Sione Vaki",DET,"RB112","6","-","-","5 out of 5 stars","-"
"411",12,"Miami Dolphins",MIA,"DST28","6","-","-","3 out of 5 stars","-"
"412",12,"Damien Martinez",GB,"RB113","11","-","-","4 out of 5 stars","-"
"413",12,"Marcus Mariota",WAS,"QB46","7","-","-","2 out of 5 stars","-"
"414",12,"Kyle Juszczyk",SF,"RB114","8","-","-","2 out of 5 stars","-"
"415",12,"Nick Folk",ATL,"K23","11","-","-","0 out of 5 stars","-162"
"416",12,"Ashton Dulin",IND,"WR145","13","-","-","4 out of 5 stars","-"
"417",12,"Dameon Pierce",PHI,"RB115","10","-","-","4 out of 5 stars","-"
"418",12,"Terrell Jennings",FA,"RB116","-","-","-","-","-"
"419",12,"Tyler Goodson",ATL,"RB117","11","-","-","2 out of 5 stars","-"
"420",12,"Tutu Atwell",MIA,"WR146","6","-","-","3 out of 5 stars","-60"
"421",12,"Robert Henry Jr.",WAS,"RB118","7","-","-","4 out of 5 stars","-49"
"422",12,"Zavier Scott",MIN,"RB119","6","-","-","4 out of 5 stars","-"
"423",12,"Greg Dortch",DET,"WR147","6","-","-","4 out of 5 stars","-"
"424",12,"Dyami Brown",WAS,"WR148","7","-","-","2 out of 5 stars","-"
"425",12,"Deion Burks",IND,"WR149","13","-","-","4 out of 5 stars","-"
"426",12,"Tommy Myers",FA,"TE61","-","-","-","-","-"
"427",12,"Riley Leonard",IND,"QB47","13","-","-","4 out of 5 stars","-157"
"428",12,"Las Vegas Raiders",LV,"DST29","13","-","-","4 out of 5 stars","-"
"429",12,"Elijah Higgins",ARI,"TE62","14","-","-","2 out of 5 stars","-"
"430",12,"Will Kacmarek",MIA,"TE63","6","-","-","5 out of 5 stars","-"
"431",12,"Blake Grupe",IND,"K24","13","-","-","4 out of 5 stars","-123"
"432",12,"Marlin Klein",HOU,"TE64","8","-","-","4 out of 5 stars","-"
"433",12,"Tim Patrick",NYJ,"WR150","13","-","-","4 out of 5 stars","-126"
"434",12,"Odell Beckham Jr.",NYG,"WR151","8","-","-","4 out of 5 stars","-"
"435",12,"Khalil Herbert",SF,"RB120","8","-","-","2 out of 5 stars","-"
"436",12,"Zach Ertz",FA,"TE65","-","-","-","-","-"
"437",12,"Matt Hibner",BAL,"TE66","13","-","-","4 out of 5 stars","-"
"438",12,"Jeremy McNichols",WAS,"RB121","7","-","-","4 out of 5 stars","-"
"439",12,"Jonnu Smith",FA,"TE67","-","-","-","-","-"
"440",12,"Ty Chandler",NO,"RB122","8","-","-","3 out of 5 stars","-"
"441",12,"Joey Slye",TEN,"K25","9","-","-","4 out of 5 stars","-112"
"442",12,"Antonio Gibson",FA,"RB123","-","-","-","-","-116"
"443",12,"Quinn Ewers",MIA,"QB48","6","-","-","3 out of 5 stars","-"
"444",12,"Hunter Luepke",DAL,"RB124","14","-","-","4 out of 5 stars","-89"
"445",12,"Ronnie Rivers",LAR,"RB125","11","-","-","5 out of 5 stars","-"
"446",12,"Dylan Laube",LV,"RB126","13","-","-","2 out of 5 stars","-"
"447",12,"Ben Sauls",NYG,"K26","8","-","-","2 out of 5 stars","-"
"448",12,"Josh Oliver",MIN,"TE68","6","-","-","4 out of 5 stars","-153"
"449",12,"Daniel Carlson",NO,"K27","8","-","-","5 out of 5 stars","-"
"450",12,"Foster Moreau",HOU,"TE69","8","-","-","4 out of 5 stars","-"
"451",12,"Tanner Koziol",JAC,"TE70","7","-","-","3 out of 5 stars","-"
"452",12,"Adam Trautman",DEN,"TE71","10","-","-","4 out of 5 stars","-"
"453",12,"Mitch Tinsley",CIN,"WR152","6","-","-","4 out of 5 stars","-"
"454",12,"Brandon McManus",FA,"K28","-","-","-","-","-"
"455",12,"Jackson Hawes",BUF,"TE72","7","-","-","3 out of 5 stars","-"
"456",12,"Tai Felton",MIN,"WR153","6","-","-","5 out of 5 stars","-"
"457",12,"Luke Schoonmaker",DAL,"TE73","14","-","-","2 out of 5 stars","-"
"458",12,"Washington Commanders",WAS,"DST30","7","-","-","2 out of 5 stars","-"
"459",12,"Jake Moody",FA,"K29","-","-","-","-","-"
"460",12,"Durham Smythe",BAL,"TE74","13","-","-","4 out of 5 stars","-"
"461",12,"Van Jefferson",WAS,"WR154","7","-","-","2 out of 5 stars","-"
"462",12,"New York Jets",NYJ,"DST31","13","-","-","4 out of 5 stars","-104"
"463",12,"Reggie Gilliam",NE,"RB127","11","-","-","2 out of 5 stars","-171"
"464",12,"Isaiah Williams",FA,"WR155","-","-","-","-","-"
"465",12,"Jahdae Walker",CHI,"WR156","10","-","-","3 out of 5 stars","-"
"466",12,"Jimmy Horn Jr.",CAR,"WR157","5","-","-","2 out of 5 stars","-"
"467",12,"Jacob Cowing",SF,"WR158","8","-","-","2 out of 5 stars","-"
"468",12,"KeAndre Lambert-Smith",LAC,"WR159","7","-","-","2 out of 5 stars","-"
"469",12,"Lil'Jordan Humphrey",DEN,"WR160","10","-","-","2 out of 5 stars","-"
"470",12,"Marquez Valdes-Scantling",DAL,"WR161","14","-","-","2 out of 5 stars","-"
"471",12,"Justin Watson",HOU,"WR162","8","-","-","3 out of 5 stars","-"
"472",12,"Xavier Restrepo",TEN,"WR163","9","-","-","3 out of 5 stars","-"
"473",12,"Tyrod Taylor",GB,"QB49","11","-","-","4 out of 5 stars","-"
"474",12,"Gardner Minshew II",ARI,"QB50","14","-","-","2 out of 5 stars","-"
"475",12,"Jacob Saylors",DET,"RB128","6","-","-","5 out of 5 stars","-"
"476",12,"Roman Hemby",LV,"RB129","13","-","-","2 out of 5 stars","-"
"477",12,"Miles Sanders",FA,"RB130","-","-","-","-","-"
"478",12,"Noah Whittington",HOU,"RB131","8","-","-","4 out of 5 stars","-"
"479",12,"Sam Roush",CHI,"TE75","10","-","-","2 out of 5 stars","-"
"480",12,"Tyler Conklin",DET,"TE76","6","-","-","3 out of 5 stars","-"
"481",12,"Donovan Edwards",MIA,"RB132","6","-","-","3 out of 5 stars","-"
"482",12,"Mo Alie-Cox",IND,"TE77","13","-","-","3 out of 5 stars","-"
"483",12,"Frank Gore Jr.",BUF,"RB133","7","-","-","2 out of 5 stars","-"
"484",12,"Jaydn Ott",KC,"RB134","5","-","-","3 out of 5 stars","-"
"485",12,"Chad Ryland",ARI,"K30","14","-","-","2 out of 5 stars","-"
"486",12,"Jelani Woods",NYJ,"TE78","13","-","-","4 out of 5 stars","-147"
"487",12,"Alec Ingold",LAC,"RB135","7","-","-","3 out of 5 stars","-"
"488",12,"Cade Stover",HOU,"TE79","8","-","-","4 out of 5 stars","-"
"489",12,"Jaret Patterson",LAC,"RB136","7","-","-","3 out of 5 stars","-"
"490",12,"Jeremy Ruckert",NYJ,"TE80","13","-","-","4 out of 5 stars","-"
"491",12,"Ryan Fitzgerald",CAR,"K31","5","-","-","0 out of 5 stars","-"
"492",12,"Travis Homer",PIT,"RB137","9","-","-","2 out of 5 stars","-"
"493",12,"Nate Boerkircher",JAC,"TE81","7","-","-","3 out of 5 stars","-"
"494",12,"Josh Cuevas",BAL,"TE82","13","-","-","4 out of 5 stars","-"
"495",12,"Nate Adkins",DEN,"TE83","10","-","-","4 out of 5 stars","-"
"496",12,"Tanner Hudson",CIN,"TE84","6","-","-","3 out of 5 stars","-165"
"497",12,"Myles Montgomery",FA,"RB138","-","-","-","-","-"
"498",12,"Scotty Miller",CHI,"WR164","10","-","-","3 out of 5 stars","-"
"499",12,"Max Bredeson",MIN,"RB139","6","-","-","4 out of 5 stars","-"
"500",12,"Patrick Ricard",NYG,"RB140","8","-","-","4 out of 5 stars","-"
"501",12,"Jake Bobo",SEA,"WR165","11","-","-","3 out of 5 stars","-"
"502",12,"Adam Prentice",DEN,"RB141","10","-","-","2 out of 5 stars","-"
"503",12,"Spencer Shrader",IND,"K32","13","-","-","4 out of 5 stars","-"
"504",12,"Xavier Smith",LAR,"WR166","11","-","-","1 out of 5 stars","-174"
"505",12,"Elijah Mitchell",FA,"RB142","-","-","-","-","-"
"506",12,"Kalel Mullings",TEN,"RB143","9","-","-","3 out of 5 stars","-"
"507",12,"Derius Davis",LAC,"WR167","7","-","-","2 out of 5 stars","-"
"508",12,"Michael Burton",CLE,"RB144","11","-","-","3 out of 5 stars","-208"
"509",12,"Cedrick Wilson Jr.",DET,"WR168","6","-","-","4 out of 5 stars","-"
"510",12,"British Brooks",HOU,"RB145","8","-","-","4 out of 5 stars","-"
"511",12,"Arizona Cardinals",ARI,"DST32","14","-","-","2 out of 5 stars","-"
"512",12,"Reggie Virgil",ARI,"WR169","14","-","-","2 out of 5 stars","-"
"513",12,"Jason Sanders",NYJ,"K33","13","-","-","2 out of 5 stars","-"
"514",12,"Jake Browning",TB,"QB51","10","-","-","2 out of 5 stars","-"
"515",12,"Drew Stevens",WAS,"K34","7","-","-","5 out of 5 stars","-"
"516",13,"Noah Brown",FA,"WR170","-","-","-","-","-"
"517",13,"Myles Price",MIN,"WR171","6","-","-","5 out of 5 stars","-"
"518",13,"Efton Chism III",NE,"WR172","11","-","-","2 out of 5 stars","-"
"519",13,"Brycen Tremayne",CAR,"WR173","5","-","-","2 out of 5 stars","-"
"520",13,"Jalen Brooks",ARI,"WR174","14","-","-","2 out of 5 stars","-"
"521",13,"Theo Wease Jr.",MIA,"WR175","6","-","-","3 out of 5 stars","-"
"522",13,"Jalen Reagor",MIA,"WR176","6","-","-","3 out of 5 stars","-"
"523",13,"Michael Woods II",DEN,"WR177","10","-","-","2 out of 5 stars","-"
"524",13,"Chris Blair",ATL,"WR178","11","-","-","3 out of 5 stars","-"
"525",13,"DeAndre Hopkins",BAL,"WR179","13","-","-","4 out of 5 stars","-"
"526",13,"David Sills V",TB,"WR180","10","-","-","4 out of 5 stars","-"
"527",13,"Tyler Lockett",LV,"WR181","13","-","-","2 out of 5 stars","-"
"528",13,"Jalen Milroe",SEA,"QB52","11","-","-","4 out of 5 stars","-"
"529",13,"Davis Mills",HOU,"QB53","8","-","-","4 out of 5 stars","-"
"530",13,"Jeshaun Jones",MIN,"WR182","6","-","-","5 out of 5 stars","-220"
"531",13,"Isaiah Williams",NYJ,"WR183","13","-","-","4 out of 5 stars","-"
"532",13,"Will Levis",TEN,"QB54","9","-","-","3 out of 5 stars","-"
"533",13,"Michael Trigg",DAL,"TE85","14","-","-","2 out of 5 stars","-"
"534",13,"Moliki Matavao",NO,"TE86","8","-","-","2 out of 5 stars","-"
"535",13,"Jack Endries",CIN,"TE87","6","-","-","3 out of 5 stars","-"
"536",13,"Miles Kitselman",FA,"TE88","-","-","-","-","-"
"537",13,"Drew Sample",CIN,"TE89","6","-","-","3 out of 5 stars","-202"
"538",13,"Will Dissly",FA,"TE90","-","-","-","-","-"
"539",13,"Miles Davis",CAR,"RB146","5","-","-","1 out of 5 stars","-"
"540",13,"Khalil Dinkins",SF,"TE91","8","-","-","3 out of 5 stars","-"
"541",13,"Elijah Tau-Tolliver",BAL,"RB147","13","-","-","3 out of 5 stars","-"
"542",13,"Alexander Mattison",FA,"RB148","-","-","-","-","-189"
"543",13,"Tyler Badie",DEN,"RB149","10","-","-","2 out of 5 stars","-"
"544",13,"Raheem Mostert",LV,"RB150","13","-","-","2 out of 5 stars","-"
"545",13,"Lew Nichols III",PIT,"RB151","9","-","-","2 out of 5 stars","-"
"546",13,"Juice Wells Jr.",ATL,"WR184","11","-","-","3 out of 5 stars","-"
"547",13,"Elijah Moore",PHI,"WR185","10","-","-","4 out of 5 stars","-"
"548",13,"Ulysses Bentley IV",IND,"RB152","13","-","-","4 out of 5 stars","-"
"549",13,"Brock Wright",DET,"TE92","6","-","-","3 out of 5 stars","-"
"550",13,"Davis Allen",LAR,"TE93","11","-","-","4 out of 5 stars","-"
"551",13,"Payne Durham",TB,"TE94","10","-","-","2 out of 5 stars","-"
"552",13,"Ben Sims",MIA,"TE95","6","-","-","5 out of 5 stars","-"
"553",13,"Ahmani Marshall",CLE,"RB153","11","-","-","3 out of 5 stars","-"
"554",13,"Brevyn Spann-Ford",DAL,"TE96","14","-","-","2 out of 5 stars","-"
"555",13,"Luke Farrell",SF,"TE97","8","-","-","3 out of 5 stars","-"
"556",13,"Nathan Carter",ATL,"RB154","11","-","-","2 out of 5 stars","-"
"557",13,"Blake Whiteheart",CLE,"TE98","11","-","-","3 out of 5 stars","-"
"558",13,"Dohnte Meyers",CIN,"WR186","6","-","-","4 out of 5 stars","-"
"559",13,"Cash Jones",ATL,"RB155","11","-","-","2 out of 5 stars","-"
"560",13,"Cam Akers",FA,"RB156","-","-","-","-","-"
"561",13,"Anderson Castle",IND,"RB157","13","-","-","4 out of 5 stars","-"
"562",13,"Brandin Cooks",FA,"WR187","-","-","-","-","-"
"563",13,"Sincere McCormick",SF,"RB158","8","-","-","2 out of 5 stars","-"
"564",13,"Eric Gray",NYG,"RB159","8","-","-","4 out of 5 stars","-"
"565",13,"Craig Reynolds",WAS,"RB160","7","-","-","4 out of 5 stars","-"
"566",13,"Dominic Zvada",NYG,"K35","8","-","-","2 out of 5 stars","-"
"567",13,"Kenny McIntosh",FA,"RB161","-","-","-","-","-"
"568",13,"JaMycal Hasty",NE,"RB162","11","-","-","2 out of 5 stars","-"
"569",13,"Jermar Jefferson",MIN,"RB163","6","-","-","4 out of 5 stars","-"
"570",13,"Julian Hill",NE,"TE99","11","-","-","4 out of 5 stars","-"
"571",13,"Raheem Blackshear",DET,"RB164","6","-","-","5 out of 5 stars","-"
"572",13,"Salvon Ahmed",CHI,"RB165","10","-","-","2 out of 5 stars","-"
"573",13,"Anthony Hankerson",FA,"RB166","-","-","-","-","-"
"574",13,"Spencer Rattler",NO,"QB55","8","-","-","3 out of 5 stars","-"
"575",13,"Diontae Johnson",FA,"WR188","-","-","-","-","-"
"576",13,"Mecole Hardman Jr.",BUF,"WR189","7","-","-","4 out of 5 stars","-"
"577",13,"Curtis Samuel",FA,"WR190","-","-","-","-","-"
"578",13,"Lan Larison",NE,"RB167","11","-","-","2 out of 5 stars","-"
"579",13,"Vinny Anthony II",ATL,"WR191","11","-","-","3 out of 5 stars","-"
"580",13,"Coleman Owen",IND,"WR192","13","-","-","4 out of 5 stars","-"
"581",13,"Drew Allar",PIT,"QB56","9","-","-","2 out of 5 stars","-"
"582",13,"Tahj Washington",MIA,"WR193","6","-","-","3 out of 5 stars","-"
"583",13,"Jared Wayne",HOU,"WR194","8","-","-","3 out of 5 stars","-"
"584",13,"JuJu Smith-Schuster",FA,"WR195","-","-","-","-","-"
"585",13,"J. Michael Sturdivant",GB,"WR196","11","-","-","5 out of 5 stars","-"
"586",13,"DeeJay Dallas",JAC,"RB168","7","-","-","4 out of 5 stars","-"
"587",13,"Velus Jones Jr.",SEA,"WR197","11","-","-","3 out of 5 stars","-"
"588",13,"Montorie Foster Jr.",SEA,"WR198","11","-","-","3 out of 5 stars","-"
"589",13,"Casey Washington",CAR,"WR199","5","-","-","2 out of 5 stars","-"
"590",13,"Maurice Alexander",CHI,"WR200","10","-","-","3 out of 5 stars","-"
"591",13,"Owen Wright",HOU,"RB169","8","-","-","4 out of 5 stars","-"
"592",13,"Mason Tipton",NO,"WR201","8","-","-","3 out of 5 stars","-"
"593",13,"Quentin Skinner",BUF,"WR202","7","-","-","4 out of 5 stars","-"
"594",13,"Josh Cameron",JAC,"WR203","7","-","-","4 out of 5 stars","-"
"595",13,"Drake Dabney",GB,"TE100","11","-","-","2 out of 5 stars","-"
"596",13,"Bub Means",NO,"WR204","8","-","-","3 out of 5 stars","-"
"597",13,"Isaiah Hodgins",NYG,"WR205","8","-","-","4 out of 5 stars","-"
"598",13,"Kevin Austin Jr.",NO,"WR206","8","-","-","3 out of 5 stars","-"
"599",13,"Jaheim Bell",PIT,"TE101","9","-","-","2 out of 5 stars","-"
"600",13,"Anthony Gould",IND,"WR207","13","-","-","4 out of 5 stars","-"
"601",13,"Kendric Pryor",CIN,"WR208","6","-","-","4 out of 5 stars","-"
"602",13,"Michael Briscoe",MIN,"WR209","6","-","-","5 out of 5 stars","-"
"603",13,"Jordan Watkins",SF,"WR210","8","-","-","2 out of 5 stars","-"
"604",13,"Taylen Green",CLE,"QB57","11","-","-","4 out of 5 stars","-"
"605",13,"K.J. Osborn",TEN,"WR211","9","-","-","3 out of 5 stars","-"
"606",13,"Jonathan Mingo",DAL,"WR212","14","-","-","2 out of 5 stars","-"
"607",13,"Joshua Cephus",FA,"WR213","-","-","-","-","-"
"608",13,"Cooper Rush",ATL,"QB58","11","-","-","4 out of 5 stars","-"
"609",13,"Dominic Lovett",DET,"WR214","6","-","-","4 out of 5 stars","-"
"610",13,"Deontay Burnett",FA,"WR215","-","-","-","-","-"
"611",13,"Michael Bandy",DEN,"WR216","10","-","-","2 out of 5 stars","-"
"612",13,"Ricky White III",SEA,"WR217","11","-","-","3 out of 5 stars","-"
"613",13,"Arian Smith",NYJ,"WR218","13","-","-","4 out of 5 stars","-"
"614",13,"Jermaine Burton",FA,"WR219","-","-","-","-","-"
"615",13,"Terrace Marshall Jr.",MIA,"WR220","6","-","-","3 out of 5 stars","-"
"616",13,"Josh Williams",TB,"RB170","10","-","-","2 out of 5 stars","-"
"617",13,"Kameron Johnson",TB,"WR221","10","-","-","4 out of 5 stars","-"
"618",13,"Darius Cooper",PHI,"WR222","10","-","-","4 out of 5 stars","-"
"619",13,"Mason Rudolph",PIT,"QB59","9","-","-","2 out of 5 stars","-297"
"620",13,"Tyson Bagent",CHI,"QB60","10","-","-","3 out of 5 stars","-"
"621",13,"Tyler Scott",LAR,"WR223","11","-","-","1 out of 5 stars","-"
"622",13,"Skyy Moore",GB,"WR224","11","-","-","5 out of 5 stars","-"
"623",13,"Trey Lance",LAC,"QB61","7","-","-","2 out of 5 stars","-"
"624",13,"Tyler Huntley",BAL,"QB62","13","-","-","3 out of 5 stars","-"
"625",13,"Tyrell Shavers",BUF,"WR225","7","-","-","4 out of 5 stars","-"
"626",13,"Tanner McKee",PHI,"QB63","10","-","-","5 out of 5 stars","-"
"627",13,"Kene Nwangwu",NYJ,"RB171","13","-","-","3 out of 5 stars","-"
"628",13,"Nikko Remigio",KC,"WR226","5","-","-","2 out of 5 stars","-"
"629",13,"Ben Skowronek",PIT,"WR227","9","-","-","3 out of 5 stars","-"
"630",13,"David Moore",CAR,"WR228","5","-","-","2 out of 5 stars","-"
"631",13,"Andy Dalton",PHI,"QB64","10","-","-","5 out of 5 stars","-"
"632",14,"Kaden Wetjen",PIT,"WR229","9","-","-","3 out of 5 stars","-"
"633",14,"Bo Melton",GB,"WR230","11","-","-","5 out of 5 stars","-"
"634",14,"Malachi Corley",CLE,"WR231","11","-","-","3 out of 5 stars","-"
"635",14,"Gage Larvadain",CLE,"WR232","11","-","-","3 out of 5 stars","-"
"636",14,"Devin Duvernay",ARI,"WR233","14","-","-","2 out of 5 stars","-"
"637",14,"Dareke Young",LV,"WR234","13","-","-","2 out of 5 stars","-"
"638",14,"Ke'Shawn Williams",CIN,"WR235","6","-","-","4 out of 5 stars","-"
"639",14,"Charlie Jones",CIN,"WR236","6","-","-","4 out of 5 stars","-"
"640",14,"Taysom Hill",FA,"TE102","-","-","-","-","-"
"641",14,"Britain Covey",PHI,"WR237","10","-","-","4 out of 5 stars","-"
"642",14,"Bauer Sharp",TB,"TE103","10","-","-","2 out of 5 stars","-"
"643",14,"LaJohntay Wester",BAL,"WR238","13","-","-","4 out of 5 stars","-"
"644",14,"Joe Royer",CLE,"TE104","11","-","-","3 out of 5 stars","-"
"645",14,"Seydou Traore",MIA,"TE105","6","-","-","5 out of 5 stars","-"
"646",14,"Thomas Fidone II",NYG,"TE106","8","-","-","3 out of 5 stars","-"
"647",14,"Mason Kinsey",TEN,"WR239","9","-","-","3 out of 5 stars","-"
"648",14,"Jared Wiley",KC,"TE107","5","-","-","4 out of 5 stars","-"
"649",14,"Josh Whyle",GB,"TE108","11","-","-","2 out of 5 stars","-"
"650",14,"Ian Thomas",LV,"TE109","13","-","-","3 out of 5 stars","-307"
"651",14,"Jack Stoll",CLE,"TE110","11","-","-","3 out of 5 stars","-"
"652",14,"Eric Saubert",SEA,"TE111","11","-","-","3 out of 5 stars","-"
"653",14,"Drew Ogletree",IND,"TE112","13","-","-","3 out of 5 stars","-"
"654",14,"Stone Smartt",PHI,"TE113","10","-","-","4 out of 5 stars","-"
"655",14,"Tip Reiman",ARI,"TE114","14","-","-","2 out of 5 stars","-"
"656",14,"Kylen Granson",TEN,"TE115","9","-","-","3 out of 5 stars","-"
"657",14,"Teagan Quitoriano",ARI,"TE116","14","-","-","2 out of 5 stars","-351"
"658",14,"Grant Calcaterra",PHI,"TE117","10","-","-","4 out of 5 stars","-"
"659",14,"Jake Briningstool",KC,"TE118","5","-","-","4 out of 5 stars","-319"
"660",14,"Lucas Krull",DEN,"TE119","10","-","-","4 out of 5 stars","-"
"661",14,"Ben Yurosek",MIN,"TE120","6","-","-","4 out of 5 stars","-"
"662",14,"Tanner Conner",NYG,"TE121","8","-","-","3 out of 5 stars","-"
"663",14,"Albert Okwuegbunam Jr.",LV,"TE122","13","-","-","3 out of 5 stars","-"
"664",14,"Will Mallory",IND,"TE123","13","-","-","3 out of 5 stars","-"
"665",14,"Johnny Mundt",PHI,"TE124","10","-","-","4 out of 5 stars","-338"
"666",14,"Charlie Woerner",ATL,"TE125","11","-","-","3 out of 5 stars","-315"
"667",14,"David Martin-Robinson",TEN,"TE126","9","-","-","3 out of 5 stars","-"
"668",14,"CJ Dippre",NE,"TE127","11","-","-","4 out of 5 stars","-"
"669",14,"Brayden Willis",SF,"TE128","8","-","-","3 out of 5 stars","-"
"670",14,"Brevin Jordan",HOU,"TE129","8","-","-","4 out of 5 stars","-"
"671",14,"Colson Yankoff",WAS,"TE130","7","-","-","1 out of 5 stars","-"
"672",14,"Cameron Latu",PHI,"TE131","10","-","-","4 out of 5 stars","-"
"673",14,"Hayden Rucci",SF,"TE132","8","-","-","3 out of 5 stars","-"
"674",14,"Gavin Bartholomew",MIN,"TE133","6","-","-","4 out of 5 stars","-"
"675",14,"Devin Culp",TB,"TE134","10","-","-","2 out of 5 stars","-"
"676",14,"Hunter Long",JAC,"TE135","7","-","-","3 out of 5 stars","-"
"677",14,"Chris Manhertz",NYG,"TE136","8","-","-","3 out of 5 stars","-"
"678",14,"Ko Kieft",TB,"TE137","10","-","-","2 out of 5 stars","-"
"679",14,"Ty Pezza",BAL,"TE138","13","-","-","4 out of 5 stars","-"
"680",14,"Cole Turner",MIA,"TE139","6","-","-","5 out of 5 stars","-"
"681",14,"Mario Williams",FA,"WR240","-","-","-","-","-"
"682",14,"Joel Wilson",TEN,"TE140","9","-","-","3 out of 5 stars","-"
"683",14,"Zach Horton",DET,"TE141","6","-","-","3 out of 5 stars","-"
"684",14,"Carsen Ryan",CLE,"TE142","11","-","-","3 out of 5 stars","-"
"685",14,"Brenden Bates",CLE,"TE143","11","-","-","3 out of 5 stars","-"
"686",14,"Josiah Deguara",SF,"TE144","8","-","-","3 out of 5 stars","-"
"687",14,"Quintin Morris",JAC,"TE145","7","-","-","3 out of 5 stars","-"
"688",14,"Bryson Nesbit",MIN,"TE146","6","-","-","4 out of 5 stars","-"
"689",14,"E.J. Jenkins",PHI,"TE147","10","-","-","4 out of 5 stars","-"
"690",14,"Joshua Simon",ATL,"TE148","11","-","-","3 out of 5 stars","-"
"691",14,"Cam Grandy",CIN,"TE149","6","-","-","3 out of 5 stars","-"
"692",14,"Andrew Beck",NYJ,"TE150","13","-","-","4 out of 5 stars","-"
"693",14,"Rivaldo Fairweather",ARI,"TE151","14","-","-","2 out of 5 stars","-"
"694",14,"Jack Velling",ATL,"TE152","11","-","-","3 out of 5 stars","-"
"695",14,"Princeton Fant",DAL,"TE153","14","-","-","2 out of 5 stars","-"
"696",14,"Lance Mason",PIT,"TE154","9","-","-","2 out of 5 stars","-"
"697",14,"Shane Zylstra",BUF,"TE155","7","-","-","3 out of 5 stars","-"
"698",14,"Jamal Haynes",CIN,"RB172","6","-","-","2 out of 5 stars","-"
"699",14,"DJ Rogers",DAL,"TE156","14","-","-","2 out of 5 stars","-"
"700",14,"Tanner Arkin",NE,"TE157","11","-","-","4 out of 5 stars","-"
"701",14,"Lake McRee",PIT,"TE158","9","-","-","2 out of 5 stars","-"
"702",14,"Nick Kallerup",SEA,"TE159","11","-","-","3 out of 5 stars","-"
"703",14,"Jack Westover",NE,"TE160","11","-","-","4 out of 5 stars","-"
"704",14,"Pharaoh Brown",IND,"TE161","13","-","-","3 out of 5 stars","-"
"705",14,"Kenny Fletcher Jr.",TB,"TE162","10","-","-","2 out of 5 stars","-"
"706",14,"James Mitchell",CAR,"TE163","5","-","-","2 out of 5 stars","-"
"707",14,"Zaire Mitchell-Paden",NO,"TE164","8","-","-","2 out of 5 stars","-"
"708",14,"Dean Connors",LAR,"RB173","11","-","-","5 out of 5 stars","-"
"709",14,"Quentin Moore",WAS,"TE165","7","-","-","1 out of 5 stars","-"
"710",14,"AJ Dillon",CAR,"RB174","5","-","-","1 out of 5 stars","-"
"711",14,"Dontae McMillan",BAL,"RB175","13","-","-","3 out of 5 stars","-"
"712",14,"Patrick Herbert",JAC,"TE166","7","-","-","3 out of 5 stars","-"
"713",14,"Messiah Swinson",GB,"TE167","11","-","-","2 out of 5 stars","-"
"714",14,"Pierre Strong Jr.",GB,"RB176","11","-","-","4 out of 5 stars","-"
"715",14,"Chris Myarick",LV,"TE168","13","-","-","3 out of 5 stars","-"
"716",14,"CJ Donaldson",NO,"RB177","8","-","-","3 out of 5 stars","-"
"717",14,"Chase Curtis",NYJ,"TE169","13","-","-","4 out of 5 stars","-"
"718",14,"Chip Trayanum",NYJ,"RB178","13","-","-","3 out of 5 stars","-"
"719",14,"Keleki Latu",BUF,"TE170","7","-","-","3 out of 5 stars","-"
"720",14,"Connor Heyward",LV,"TE171","13","-","-","3 out of 5 stars","-"
"721",14,"Ameer Abdullah",JAC,"RB179","7","-","-","4 out of 5 stars","-"
"722",14,"Dae'Quan Wright",FA,"TE172","-","-","-","-","-"
"723",14,"Carter Runyon",LV,"TE173","13","-","-","3 out of 5 stars","-"
"724",15,"Stephen Carlson",CHI,"TE174","10","-","-","2 out of 5 stars","-"
"725",15,"Treyton Welch",NO,"TE175","8","-","-","2 out of 5 stars","-"
"726",15,"Ja'Quinden Jackson",FA,"RB180","-","-","-","-","-"
"727",15,"Kendrick Law",DET,"WR241","6","-","-","4 out of 5 stars","-"
"728",15,"Evan Svoboda",LAC,"TE176","7","-","-","4 out of 5 stars","-"
"729",15,"Dallen Bentley",DEN,"TE177","10","-","-","4 out of 5 stars","-"
"730",15,"Brittain Brown",CHI,"RB181","10","-","-","2 out of 5 stars","-"
"731",15,"Cody Hardy",NO,"TE178","8","-","-","2 out of 5 stars","-"
"732",15,"Kentrel Bullock",CIN,"RB182","6","-","-","2 out of 5 stars","-"
"733",15,"Patrick Gurd",LV,"TE179","13","-","-","3 out of 5 stars","-"
"734",15,"Michael Wortham",JAC,"WR242","7","-","-","4 out of 5 stars","-"
"735",15,"Mark Redman",LAR,"TE180","11","-","-","4 out of 5 stars","-"
"736",15,"Tyler Johnson",DAL,"WR243","14","-","-","2 out of 5 stars","-"
"737",15,"Dan Villari",LAR,"TE181","11","-","-","4 out of 5 stars","-"
"738",15,"Terion Stewart",KC,"RB183","5","-","-","3 out of 5 stars","-"
"739",15,"Johnny Pascuzzi",LAC,"TE182","7","-","-","4 out of 5 stars","-"
"740",15,"Hassan Haskins",NE,"RB184","11","-","-","2 out of 5 stars","-"
"741",15,"Gary Brightwell",CIN,"RB185","6","-","-","2 out of 5 stars","-452"
"742",15,"Hayden Large",CHI,"TE183","10","-","-","2 out of 5 stars","-"
"743",15,"Rohan Jones",LAR,"TE184","11","-","-","4 out of 5 stars","-"
"744",15,"Desmond Reid",FA,"RB186","-","-","-","-","-"
"745",15,"Gus Edwards",FA,"RB187","-","-","-","-","-"
"746",15,"Dylan Drummond",ATL,"WR244","11","-","-","3 out of 5 stars","-"
"747",15,"Ray-Ray McCloud III",CHI,"WR245","10","-","-","3 out of 5 stars","-"
"748",15,"Josh Kattus",CIN,"TE185","6","-","-","3 out of 5 stars","-"
"749",15,"Amar Johnson",LAC,"RB188","7","-","-","3 out of 5 stars","-"
"750",15,"Davon Booth",CLE,"RB189","11","-","-","3 out of 5 stars","-"
"751",15,"Zack Moss",FA,"RB190","-","-","-","-","-"
"752",15,"Jeff Caldwell",FA,"WR246","-","-","-","-","-"
"753",15,"EJ Smith",KC,"RB191","5","-","-","3 out of 5 stars","-"
"754",15,"Ronnie Bell",NO,"WR247","8","-","-","3 out of 5 stars","-"
"755",15,"Trey Sermon",ATL,"RB192","11","-","-","2 out of 5 stars","-"
"756",15,"Shedrick Jackson",LV,"WR248","13","-","-","2 out of 5 stars","-"
"757",15,"Cody White",SEA,"WR249","11","-","-","3 out of 5 stars","-"
"758",15,"Jeff Wilson Jr.",FA,"RB193","-","-","-","-","-"
"759",15,"Deven Thompkins",LV,"WR250","13","-","-","2 out of 5 stars","-"
"760",15,"Dante Pettis",BUF,"WR251","7","-","-","4 out of 5 stars","-"
"761",15,"Royce Freeman",FA,"RB194","-","-","-","-","-"
"762",15,"Nick Vannett",SEA,"TE186","11","-","-","3 out of 5 stars","-"
"763",15,"Julius Chestnut",TEN,"RB195","9","-","-","3 out of 5 stars","-"
"764",15,"Simi Fehoko",ARI,"WR252","14","-","-","2 out of 5 stars","-"
"765",15,"Tylan Wallace",CLE,"WR253","11","-","-","3 out of 5 stars","-"
"766",15,"Cody Schrader",DEN,"RB196","10","-","-","2 out of 5 stars","-"
"767",15,"Trayveon Williams",DET,"RB197","6","-","-","5 out of 5 stars","-"
"768",15,"Tom Kennedy",DET,"WR254","6","-","-","4 out of 5 stars","-"
"769",15,"Jaden Nixon",GB,"RB198","11","-","-","4 out of 5 stars","-"
"770",15,"D'Onta Foreman",FA,"RB199","-","-","-","-","-"
"771",15,"Xavier Weaver",ARI,"WR255","14","-","-","2 out of 5 stars","-"
"772",15,"Carson Steele",PHI,"RB200","10","-","-","4 out of 5 stars","-"
"773",15,"Carlos Washington Jr.",MIA,"RB201","6","-","-","3 out of 5 stars","-"
"774",15,"Jalin Hyatt",NYG,"WR256","8","-","-","4 out of 5 stars","-"
"775",15,"Dare Ogunbowale",LV,"RB202","13","-","-","2 out of 5 stars","-"
"776",15,"Zamir White",NO,"RB203","8","-","-","3 out of 5 stars","-"
"777",15,"Tay Martin",DET,"WR257","6","-","-","4 out of 5 stars","-"
"778",15,"Chris Moore",BAL,"WR258","13","-","-","4 out of 5 stars","-"
"779",15,"Laquon Treadwell",IND,"WR259","13","-","-","4 out of 5 stars","-"
"780",15,"Gregory Desrosiers",LAC,"RB204","7","-","-","3 out of 5 stars","-"
"781",15,"Evan Hull",ARI,"RB205","14","-","-","2 out of 5 stars","-"
"782",15,"Clyde Edwards-Helaire",FA,"RB206","-","-","-","-","-"
"783",15,"Bryce Oliver",TEN,"WR260","9","-","-","3 out of 5 stars","-"
"784",15,"Jason Brownlee",KC,"WR261","5","-","-","2 out of 5 stars","-"
"785",15,"Myles Gaskin",FA,"RB207","-","-","-","-","-"
"786",15,"Sam Scott",FA,"RB208","-","-","-","-","-"
"787",15,"Darrynton Evans",FA,"RB209","-","-","-","-","-"
"788",15,"KhaDarel Hodge",SF,"WR262","8","-","-","2 out of 5 stars","-"
"789",15,"Tyrion Davis-Price",FA,"RB210","-","-","-","-","-"
"790",15,"Camden Brown",DAL,"WR263","14","-","-","2 out of 5 stars","-"
"791",15,"Jashaun Corbin",DAL,"RB211","14","-","-","4 out of 5 stars","-"
"792",15,"Alex Bachman",LAR,"WR264","11","-","-","1 out of 5 stars","-"
"793",15,"Gabe Davis",FA,"WR265","-","-","-","-","-"
"794",15,"Braxton Berrios",NYG,"WR266","8","-","-","4 out of 5 stars","-"
"795",15,"Jimmy Holiday",KC,"WR267","5","-","-","2 out of 5 stars","-"
"796",15,"D'Ernest Johnson",TEN,"RB212","9","-","-","3 out of 5 stars","-"
"797",15,"Samori Toure",PHI,"WR268","10","-","-","4 out of 5 stars","-"
"798",15,"Trent Sherfield Sr.",BUF,"WR269","7","-","-","4 out of 5 stars","-"
"799",15,"Eli Pancol",IND,"WR270","13","-","-","4 out of 5 stars","-"
"800",15,"Zay Jones",HOU,"WR271","8","-","-","3 out of 5 stars","-484"
"801",15,"Emmanuel Henderson Jr.",SEA,"WR272","11","-","-","3 out of 5 stars","-"
"802",15,"Tejhaun Palmer",NE,"WR273","11","-","-","2 out of 5 stars","-"
"803",15,"Xavier Gipson",NYG,"WR274","8","-","-","4 out of 5 stars","-"
"804",15,"Isaiah Neyor",GB,"WR275","11","-","-","5 out of 5 stars","-"
"805",15,"Andrew Armstrong",KC,"WR276","5","-","-","2 out of 5 stars","-"
"806",15,"Raylen Sharpe",IND,"WR277","13","-","-","4 out of 5 stars","-"
"807",15,"Sederrick Cunningham",FA,"WR278","-","-","-","-","-"
"808",15,"Jacob De Jesus",KC,"WR279","5","-","-","2 out of 5 stars","-"
"809",15,"Sahmir Hagans",IND,"WR280","13","-","-","4 out of 5 stars","-"
"810",15,"Omari Kelly",CHI,"WR281","10","-","-","3 out of 5 stars","-"
"811",15,"Malik Turner",SF,"WR282","8","-","-","2 out of 5 stars","-"
"812",15,"Anthony Smith",DAL,"WR283","14","-","-","2 out of 5 stars","-"
"813",15,"Brennan Presley",LAR,"WR284","11","-","-","1 out of 5 stars","-"
"814",15,"Kaden Prather",GB,"WR285","11","-","-","5 out of 5 stars","-"
"815",15,"Omari Evans",KC,"WR286","5","-","-","2 out of 5 stars","-"
"816",15,"Tru Edwards",LAR,"WR287","11","-","-","1 out of 5 stars","-"
"817",15,"JP Richardson",CHI,"WR288","10","-","-","3 out of 5 stars","-"
"818",15,"Xavier Loyd",KC,"WR289","5","-","-","2 out of 5 stars","-"
"819",15,"Lewis Bond",HOU,"WR290","8","-","-","3 out of 5 stars","-"
"820",15,"Dalen Cambre",NYG,"WR291","8","-","-","4 out of 5 stars","-"
"821",15,"Devonte Ross",LAC,"WR292","7","-","-","2 out of 5 stars","-"
"822",15,"Nick Nash",WAS,"WR293","7","-","-","2 out of 5 stars","-"
"823",15,"Jordan Moore",CIN,"WR294","6","-","-","4 out of 5 stars","-"
"824",15,"Chris Hilton Jr.",GB,"WR295","11","-","-","5 out of 5 stars","-"
"825",15,"Brandon Smith",PIT,"WR296","9","-","-","3 out of 5 stars","-"
"826",15,"Sincere Brown",LAC,"WR297","7","-","-","2 out of 5 stars","-"
"827",16,"Jamaal Pritchett",NYJ,"WR298","13","-","-","4 out of 5 stars","-"
"828",16,"Jaden Bradley",WAS,"WR299","7","-","-","2 out of 5 stars","-"
"829",16,"Noah Thomas",CIN,"WR300","6","-","-","4 out of 5 stars","-"
"830",16,"Tyren Montgomery",TEN,"WR301","9","-","-","3 out of 5 stars","-"
"831",16,"Rashad Rochelle",SEA,"WR302","11","-","-","3 out of 5 stars","-"
"832",16,"Brandon Johnson",LV,"WR303","13","-","-","2 out of 5 stars","-"
"833",16,"Josh Kelly",HOU,"WR304","8","-","-","3 out of 5 stars","-"
"834",16,"E.J. Williams Jr.",LV,"WR305","13","-","-","2 out of 5 stars","-"
"835",16,"Beaux Collins",ATL,"WR306","11","-","-","3 out of 5 stars","-"
"836",16,"Donaven McCulley",MIA,"WR307","6","-","-","3 out of 5 stars","-"
"837",16,"Junior Bergen",NYJ,"WR308","13","-","-","4 out of 5 stars","-"
"838",16,"Caullin Lacy",FA,"WR309","-","-","-","-","-"
"839",16,"Dontae Fleming",MIN,"WR310","6","-","-","5 out of 5 stars","-"
"840",16,"Eric Rivers Jr.",TB,"WR311","10","-","-","4 out of 5 stars","-"
"841",16,"Malik McClain",NYJ,"WR312","13","-","-","4 out of 5 stars","-"
"842",16,"Hakeem Butler",DEN,"WR313","10","-","-","2 out of 5 stars","-"
"843",16,"Dillon Bell",MIN,"WR314","6","-","-","5 out of 5 stars","-"
"844",16,"Dane Key",DEN,"WR315","10","-","-","2 out of 5 stars","-"
"845",16,"AJ Henning",MIA,"WR316","6","-","-","3 out of 5 stars","-"
"846",16,"Jordan Hudson",DAL,"WR317","14","-","-","2 out of 5 stars","-"
"847",16,"Quez Watkins",PHI,"WR318","10","-","-","4 out of 5 stars","-"
"848",16,"Danny Gray",PHI,"WR319","10","-","-","4 out of 5 stars","-"
"849",16,"Stephen Gosnell",BUF,"WR320","7","-","-","4 out of 5 stars","-"
"850",16,"Treyvhon Saunders",HOU,"WR321","8","-","-","3 out of 5 stars","-"
"851",16,"Trey Palmer",NO,"WR322","8","-","-","3 out of 5 stars","-"
"852",16,"Daniel Sobkowicz",HOU,"WR323","8","-","-","3 out of 5 stars","-"
"853",16,"Dennis Houston",TB,"WR324","10","-","-","4 out of 5 stars","-"
"854",16,"Wesley Grimes",SF,"WR325","8","-","-","2 out of 5 stars","-"
"855",16,"Kolbe Katsis",DEN,"WR326","10","-","-","2 out of 5 stars","-"
"856",16,"Nick DeGennaro",NE,"WR327","11","-","-","2 out of 5 stars","-"
"857",16,"Dean Patterson IV",TB,"WR328","10","-","-","4 out of 5 stars","-"
"858",16,"Cameron Dorner",NE,"WR329","11","-","-","2 out of 5 stars","-"
"859",16,"Cameron Ross",DEN,"WR330","10","-","-","2 out of 5 stars","-"
"860",16,"Kobe Prentice",FA,"WR331","-","-","-","-","-"
"861",16,"Keelan Marion",ATL,"WR332","11","-","-","3 out of 5 stars","-"
"862",16,"Max Tomczak",BUF,"WR333","7","-","-","4 out of 5 stars","-"
"863",16,"Johnny Wilson",PHI,"WR334","10","-","-","4 out of 5 stars","-"
"864",16,"Hank Beatty",TEN,"WR335","9","-","-","3 out of 5 stars","-"
"865",16,"Kyle Dixon",NE,"WR336","11","-","-","2 out of 5 stars","-"
"866",16,"Ja'Mori Maclin",BUF,"WR337","7","-","-","4 out of 5 stars","-"
"867",16,"Jackson Meeks",DET,"WR338","6","-","-","4 out of 5 stars","-"
"868",16,"Lance McCutcheon",TEN,"WR339","9","-","-","3 out of 5 stars","-"
"869",16,"Courtney Jackson",TEN,"WR340","9","-","-","3 out of 5 stars","-"
"870",16,"Luke Floriea",CLE,"WR341","11","-","-","3 out of 5 stars","-"
"871",16,"Brock Rechsteiner",NO,"WR342","8","-","-","3 out of 5 stars","-"
"872",16,"Kole Wilson",CLE,"WR343","11","-","-","3 out of 5 stars","-"
"873",16,"Bryson Green",FA,"WR344","-","-","-","-","-"
"874",16,"Cornelius Johnson",BAL,"WR345","13","-","-","4 out of 5 stars","-"
"875",16,"Xavier Guillory",BAL,"WR346","13","-","-","4 out of 5 stars","-"
"876",16,"Cortez Braham Jr.",BAL,"WR347","13","-","-","4 out of 5 stars","-"
"877",16,"Harrison Wallace III",ARI,"WR348","14","-","-","2 out of 5 stars","-"
"878",16,"Octavian Smith Jr.",BAL,"WR349","13","-","-","4 out of 5 stars","-"
"879",16,"Irv Charles",SEA,"WR350","11","-","-","3 out of 5 stars","-"
"880",16,"Phillip Dorsett II",LV,"WR351","13","-","-","2 out of 5 stars","-"
"881",16,"Trenton Irwin",SF,"WR352","8","-","-","2 out of 5 stars","-"
"882",16,"Ihmir Smith-Marsette",ARI,"WR353","14","-","-","2 out of 5 stars","-"