Rank,Team,Player,"Fantasy Position",Games,ADP,Bye,SOS,InjuryRisk,"Floor Proj","Consensus Proj","DS Proj",CeilingProj,"3D Value"
1,DET,"Jahmyr Gibbs",RB,17,1.01,6,0.9%,54%,264,317,322,370.3,100
2,ATL,"Bijan Robinson",RB,17,1.02,11,-3.2%,25%,264.4,308,311,364,95
3,LAR,"Puka Nacua",WR,17,1.04,11,-3.1%,51%,221.2,271,291,326,95
4,CIN,"Ja'Marr Chase",WR,17,1.03,6,4%,37%,238,269,277,326.6,92
5,SF,"Christian McCaffrey",RB,17,1.05,8,0.7%,78%,243,279,293,363,86
6,SEA,"Jaxon Smith-Njigba",WR,17,1.07,11,-0.1%,39%,238.7,250,262,312.1,84
7,DET,"Amon-Ra St. Brown",WR,17,1.08,6,-1%,37%,235.3,243,259,292.2,79
8,IND,"Jonathan Taylor",RB,17,1.06,13,1.7%,37%,235.2,277,277,337.6,75
9,BUF,"James Cook",RB,17,1.09,7,-4.2%,36%,236.7,250,275,338.5,75
10,DAL,"CeeDee Lamb",WR,17,1.10,14,-0.7%,44%,216.4,221,249,298.4,74
11,MIN,"Justin Jefferson",WR,17,1.12,6,4.9%,36%,204.7,215,241,313,73
12,PHI,"Saquon Barkley",RB,17,1.11,10,4.4%,35%,217.1,235,250,339.4,64
13,BAL,"Derrick Henry",RB,17,2.06,13,-0.1%,33%,215.2,243,253,321.5,62
14,KC,"Kenneth Walker III",RB,17,2.05,5,0.6%,34%,208.9,224,252,327.2,62
15,NE,"A.J. Brown",WR,17,2.07,11,-2.5%,61%,188.5,214,224,285,60
16,ATL,"Drake London",WR,17,2.08,11,0.4%,73%,204.7,216,225,272.1,60
17,HOU,"Nico Collins",WR,17,2.10,8,4.4%,49%,195.5,209,225,278.7,60
18,DAL,"George Pickens",WR,17,2.12,14,-0.7%,36%,195.2,207,219,276.3,58
19,MIA,"De'Von Achane",RB,17,2.02,6,0.8%,68%,208.7,245,243,313,56
20,BUF,"Josh Allen",QB,17,2.11,7,-3.4%,33%,304.4,358,376,439.7,55
21,LAC,"Omarion Hampton",RB,17,2.04,7,0.6%,73%,202,212,232,329.8,54
22,CIN,"Chase Brown",RB,17,2.03,6,-4%,45%,201.4,232,237,315.2,53
23,LVR,"Ashton Jeanty",RB,15,2.01,13,-3.1%,39%,176.6,225,233,322,53
24,KC,"Rashee Rice",WR,17,3.06,5,-2.6%,74%,169.8,197,218,269.9,53
25,LVR,"Brock Bowers",TE,17,2.09,13,-1%,81%,190.3,198,209,251,52
26,NO,"Chris Olave",WR,17,3.05,8,0.9%,75%,176.9,199,211,252.7,49
27,NYG,"Malik Nabers",WR,16,3.04,8,3.7%,39%,157.3,193,199,279.6,49
28,ARI,"Trey McBride",TE,17,3.01,14,-3.6%,46%,186.9,191,201,241.2,48
29,CIN,"Tee Higgins",WR,17,3.11,6,4%,66%,182.2,190,205,253.8,47
30,BAL,"Zay Flowers",WR,17,3.12,13,-0.3%,36%,184.7,196,208,242.9,47
31,PHI,"DeVonta Smith",WR,17,3.07,10,6.6%,50%,183.2,190,199,250.9,45
32,CHI,"Colston Loveland",TE,17,4.07,10,-3.6%,60%,161.8,180,197,236.7,45
33,ARI,"Jeremiyah Love",RB,17,3.02,14,0.1%,34%,187.2,212,215,309.8,43
34,DAL,"Javonte Williams",RB,17,3.09,14,2.9%,43%,193.6,209,223,284.8,42
35,NYJ,"Breece Hall",RB,17,3.10,13,-2.5%,43%,190,213,224,283.9,42
36,NYJ,"Garrett Wilson",WR,17,4.09,13,-1%,38%,177.2,185,197,242.2,42
37,GB,"Christian Watson",WR,17,6.05,11,1.3%,25%,161,167,194,248.3,40
38,DEN,"Jaylen Waddle",WR,17,4.08,10,-2.5%,37%,164,179,193,247,40
39,LAR,"Kyren Williams",RB,17,3.03,11,6.4%,52%,190.7,210,217,281.8,39
40,LAR,"Davante Adams",WR,17,5.06,11,-3.1%,49%,158.2,176,193,243.1,38
41,IND,"Tyler Warren",TE,17,5.02,13,1.5%,36%,149.1,163,182,216.4,37
42,NO,"Travis Etienne",RB,17,4.05,8,1.8%,45%,191.5,201,208,287.2,37
43,BAL,"Lamar Jackson",QB,17,4.06,13,1.1%,42%,298.8,324,340,438.1,36
44,CAR,"Tetairoa McMillan",WR,17,4.01,5,-1.3%,37%,164.6,182,185,240.4,36
45,CHI,"Luther Burden III",WR,17,5.07,10,-2.5%,54%,155.9,169,183,247.5,36
46,TB,"Emeka Egbuka",WR,17,4.04,10,2.6%,42%,156.2,180,184,246.3,36
47,GB,"Josh Jacobs",RB,16,3.08,11,-2.2%,67%,134.6,213,219,284.1,35
48,LAC,"Ladd McConkey",WR,17,4.03,7,-2.6%,42%,159.9,179,182,243.5,35
49,SF,"Mike Evans",WR,17,6.01,8,-3.2%,65%,148.1,168,183,248.6,35
50,WAS,"Terry McLaurin",WR,17,5.03,7,-2.4%,37%,158.7,176,180,239.9,34
51,CHI,"D'Andre Swift",RB,17,4.10,10,-3.6%,42%,176,193,207,275.4,33
52,DET,"Jameson Williams",WR,17,5.11,6,-1%,36%,157.2,175,179,237.6,32
53,CHI,"Rome Odunze",WR,17,6.02,10,-2.5%,36%,152.2,165,173,249.1,32
54,NE,"Drake Maye",QB,17,5.04,11,-2.8%,35%,293.7,315,338,425.3,31
55,WAS,"Jayden Daniels",QB,17,6.03,7,-0.4%,41%,287.4,313,334,434.5,31
56,GB,"Tucker Kraft",TE,17,6.06,11,-3.3%,39%,139.7,150,161,213.5,31
57,CIN,"Joe Burrow",QB,17,5.08,6,3.2%,34%,289.9,309,337,421.3,30
58,PHI,"Jalen Hurts",QB,17,6.04,10,8.8%,33%,288.1,311,331,430.5,30
59,DET,"Sam LaPorta",TE,17,6.10,6,-2%,60%,140.8,153,160,208,30
60,NYG,"Cameron Skattebo",RB,17,4.02,8,2.2%,72%,158.8,196,194,273,29
61,HOU,"David Montgomery",RB,17,4.11,8,2%,85%,163.7,179,190,272.3,29
62,CLE,"Quinshon Judkins",RB,17,5.01,11,0.6%,48%,169.6,189,188,273.2,29
63,TB,"Bucky Irving",RB,17,4.12,10,-2.2%,63%,165.9,186,191,268.9,29
64,BUF,"D.J. Moore",WR,17,5.05,7,0.7%,54%,145.9,162,174,234.5,29
65,JAC,"Parker Washington",WR,17,6.07,7,4%,0%,145.2,154,175,227.4,28
66,NE,"Rhamondre Stevenson",RB,17,7.02,11,-1.9%,64%,158.1,161,188,263.6,28
67,CLE,"Harold Fannin Jr.",TE,17,7.06,11,3.4%,57%,139.4,149,158,201.1,28
68,JAC,"Trevor Lawrence",QB,17,8.02,7,4.5%,34%,279.9,303,329,414.9,27
69,LAC,"Justin Herbert",QB,17,7.05,7,-2.8%,36%,280.7,297,326,417.8,27
70,SF,"Brock Purdy",QB,17,10.04,8,-4%,36%,278.1,301,327,415.5,27
71,CHI,"Caleb Williams",QB,17,6.11,10,-3.5%,20%,278.4,300,324,420.9,26
72,MIN,"Kyler Murray",QB,17,11.04,6,4%,33%,273,280,325,419.3,26
73,DAL,"Dak Prescott",QB,17,7.08,14,0.5%,34%,282.7,300,325,412.7,26
74,PIT,"D.K. Metcalf",WR,17,7.07,9,-2.6%,36%,144.9,157,173,219.1,26
75,JAC,"Bhayshul Tuten",RB,17,5.10,7,0.9%,43%,145.9,169,170,281.6,26
76,TEN,"Carnell Tate",WR,17,6.08,9,5%,40%,139.2,142,166,232.1,25
77,SEA,"Jadarian Price",RB,17,5.12,11,5.6%,29%,136.2,168,170,277.4,25
78,ARI,"Marvin Harrison Jr.",WR,17,6.12,14,-0.8%,55%,144.3,150,164,231.2,25
79,NE,"TreVeyon Henderson",RB,17,5.09,11,-1.9%,64%,141.8,164,167,275.3,25
80,NYG,"Jaxson Dart",QB,17,8.12,8,4.8%,36%,277.1,304,319,417.3,25
81,SF,"George Kittle",TE,16,8.05,8,-3.6%,44%,114.3,152,151,208,24
82,DEN,"Courtland Sutton",WR,17,7.12,10,-2.5%,43%,141.8,152,165,219.3,23
83,JAC,"Brian Thomas Jr.",WR,17,7.01,7,4%,35%,137.8,149,158,234.5,23
84,CAR,"Jonathon Brooks",RB,17,7.11,5,-6%,35%,130.8,150,159,274.3,23
85,PIT,"Jaylen Warren",RB,17,6.09,9,-2.1%,66%,139,165,174,238,23
86,GB,"Jayden Reed",WR,17,9.08,11,1.3%,36%,136.6,148,165,220.5,23
87,DEN,"Bo Nix",QB,17,10.01,10,-3.7%,28%,280.9,291,312,412,23
88,PIT,"Rico Dowdle",RB,17,7.09,9,-2.1%,27%,141.8,158,165,252.3,23
89,ATL,"Kyle Pitts",TE,17,7.03,11,4.8%,53%,136.4,142,148,197.2,23
90,KC,"Patrick Mahomes",QB,17,9.11,5,-3.2%,37%,277.7,296,309,416.6,22
91,LAC,"Quentin Johnston",WR,17,9.03,7,-2.6%,56%,132.2,142,161,227.2,22
92,DEN,"J.K. Dobbins",RB,17,8.03,10,0.1%,39%,137,150,161,254.6,22
93,TEN,"Tony Pollard",RB,17,7.04,9,2.9%,35%,139,155,162,249,22
94,MIN,"Jordan Addison",WR,17,9.09,6,4.9%,37%,134.3,138,162,220.1,22
95,MIN,"Jordan Mason",RB,17,9.06,6,-0.1%,39%,125.4,138,155,255.4,21
96,WAS,"Jacory Croskey-Merritt",RB,17,9.04,7,4.2%,30%,124.2,133,153,256.1,21
97,PIT,"Michael Pittman Jr.",WR,17,10.02,9,-2.6%,60%,138.3,141,161,205.8,19
98,DET,"Jared Goff",QB,17,11.02,6,-0.9%,23%,278.4,279,303,402.5,19
99,LAR,"Matthew Stafford",QB,17,9.10,11,-0%,39%,277.8,283,299,403.3,18
100,LAR,"Blake Corum",RB,17,8.06,11,6.4%,33%,124.2,130,135,260.5,18
101,NO,"Tyler Shough",QB,17,14.07,8,0.5%,17%,272.6,274,296,408.9,18
102,JAC,"Jakobi Meyers",WR,17,11.06,7,4%,37%,129.8,135,156,211.1,18
103,GB,"Jordan Love",QB,17,12.03,11,-0.3%,82%,278.4,276,296,402.8,18
104,KC,"Xavier Worthy",WR,17,11.07,5,-2.6%,35%,124.8,129,152,222.2,18
105,CHI,"Kyle Monangai",RB,17,8.11,10,-3.6%,0%,123.8,134,139,246.2,18
106,WAS,"Stefon Diggs",WR,17,9.12,7,-2.4%,31%,125.2,132,151,223.2,18
107,CAR,"Chuba Hubbard",RB,17,7.10,5,-6%,36%,115.5,137,138,248.9,17
108,TB,"Chris Godwin",WR,17,8.04,10,2.6%,40%,122.4,139,151,222.2,17
109,DEN,"RJ Harvey",RB,17,8.01,10,0.1%,36%,117.7,133,142,233.9,17
110,TB,"Baker Mayfield",QB,17,11.10,10,-0.8%,37%,276.6,278,291,404.8,17
111,IND,"Josh Downs",WR,17,9.07,13,-0.8%,61%,126.5,132,152,213.3,17
112,NE,"Romeo Doubs",WR,17,12.01,11,-2.5%,37%,128.1,134,149,218.9,17
113,KC,"Travis Kelce",TE,17,9.02,5,1.9%,42%,125.2,137,146,174.7,16
114,CLE,"KC Concepcion",WR,17,11.01,11,4.3%,29%,121.6,129,148,218,16
115,IND,"Alec Pierce",WR,16,8.08,13,-0.8%,67%,115.4,153,144,221,15
116,TB,"Kenneth Gainwell",RB,17,10.03,10,-2.2%,31%,116.2,133,131,227.2,15
117,TEN,"Tyjae Spears",RB,17,14.06,9,2.9%,37%,111,116,135,219.2,15
118,PHI,"Makai Lemon",WR,17,8.09,10,6.6%,33%,119.5,120,139,230.7,14
119,DAL,"Brandon Aubrey",K,17,28.07,14,-3.5%,8%,157.4,175,177,190.9,14
120,ARI,"Michael Wilson",WR,17,8.07,14,-0.8%,42%,121.5,138,145,215.6,14
121,HOU,"Woody Marks",RB,17,12.05,8,2%,0%,110.3,105,123,234.1,14
122,GB,"Matthew Golden",WR,17,11.03,11,1.3%,37%,121,132,136,228.4,13
123,WAS,"Rachaad White",RB,17,10.09,7,4.2%,39%,106.4,127,125,222.7,13
124,MIA,"Malik Willis",QB,17,13.10,6,-2%,15%,264.1,263,275,409.9,13
125,SEA,"Zach Charbonnet",RB,10,12.08,11,5.6%,37%,64.4,132,121,193.2,12
126,IND,"Daniel Jones",QB,17,15.06,13,1.6%,36%,260.7,264,277,404.9,12
127,MIN,"Aaron Jones",RB,17,10.10,6,-0.1%,65%,99.2,131,124,214.5,12
128,SF,"Deebo Samuel",WR,17,11.09,8,-3.2%,51%,112.1,129,137,220.1,11
129,BUF,"Dalton Kincaid",TE,17,9.01,7,-1.4%,62%,115.3,129,131,180.9,11
130,JAC,"Chris Rodriguez",RB,17,11.12,7,0.9%,27%,95.2,101,104,244.3,11
131,LAC,"Cameron Dicker",K,17,29.12,7,-3.1%,9%,151.3,160,170,181.9,10
132,TEN,"Wan'Dale Robinson",WR,17,11.05,9,5%,36%,121.4,132,140,203.8,10
133,NO,"Jordyn Tyson",WR,13,8.10,8,0.9%,45%,90,112,141,185.9,10
134,BAL,"Mark Andrews",TE,17,10.11,13,3.6%,36%,115.3,131,131,174.3,10
135,LVR,"Mike Washington Jr.",RB,17,12.02,13,-3.1%,21%,80.8,79,96,241.4,9
136,HOU,"Houston Texans",DEF,17,21.10,8,-4%,0%,112.3,110,125,139.8,9
137,LAC,"Keaton Mitchell",RB,17,13.07,7,0.6%,33%,88,80,102,224.1,9
138,SEA,"Rashid Shaheed",WR,17,12.04,11,-0.1%,38%,114,116,133,210.8,8
139,SF,"De'Zhaun Stribling",WR,17,10.07,8,-3.2%,0%,111.4,118,125,226.6,8
140,TEN,"Cameron Ward",QB,17,16.02,9,6.3%,39%,253.3,236,264,403.7,8
141,PHI,"Dallas Goedert",TE,17,10.12,10,7.1%,83%,115.3,128,131,166.3,8
142,GB,"MarShawn Lloyd",RB,17,13.06,11,-2.2%,72%,75.3,81,93,239.9,8
143,CLE,"Dylan Sampson",RB,17,16.08,11,0.6%,34%,92.9,83,107,197.5,8
144,NYG,"Isaiah Likely",TE,17,10.05,8,3.2%,73%,115.4,127,127,168.6,7
145,ARI,"Tyler Allgeier",RB,17,11.11,14,0.1%,23%,81.5,89,99,205.9,7
146,BUF,"Khalil Shakir",WR,17,12.09,7,0.7%,35%,120.3,127,137,188.6,7
147,DEN,"Denver Broncos",DEF,17,47.05,10,6.2%,0%,104.7,106,122,133.9,7
148,TB,"Jalen McMillan",WR,17,15.07,10,2.6%,39%,106.9,103,126,216.4,6
149,HOU,"Ka'imi Fairbairn",K,17,29.09,8,0.6%,0%,147,165,158,177.1,6
150,DAL,"Jake Ferguson",TE,17,10.08,14,-2.5%,55%,116.1,128,129,156.1,6
151,JAC,"Brenton Strange",TE,17,13.03,7,2.5%,48%,109.9,121,128,162.4,6
152,SEA,"Seattle Seahawks",DEF,17,10.06,11,-4.2%,0%,102.2,109,120,132.2,6
153,ATL,"Brian Robinson Jr.",RB,17,13.05,11,-3.2%,36%,79.9,84,94,199.2,6
154,HOU,"C.J. Stroud",QB,17,14.11,8,4.4%,29%,264.9,262,270,389.3,5
155,NO,"Juwan Johnson",TE,17,13.08,8,-0.1%,45%,109.1,118,127,159.8,5
156,CAR,"Jalen Coker",WR,17,12.10,5,-1.3%,18%,111.4,126,122,210.5,5
157,CLE,"Denzel Boston",WR,17,13.09,11,4.3%,42%,106.8,111,121,214.9,5
158,GB,"Green Bay Packers",DEF,17,17.06,11,-2.2%,0%,104.5,92,114,136.3,5
159,BAL,"Baltimore Ravens",DEF,17,14.02,13,13.1%,0%,105.6,98,114,133.9,4
160,JAC,"Cam Little",K,17,31.04,7,-0.7%,0%,145.2,148,151,180,4
161,DEN,"Jonah Coleman",RB,17,12.06,10,0.1%,0%,67.2,67,75,223.4,4
162,SF,"Eddy Pineiro",K,17,33.07,8,2%,0%,145.4,145,153,174.4,4
163,CHI,"Cairo Santos",K,17,47.08,10,-1.1%,0%,143.7,147,153,175.8,4
164,DET,"Isiah Pacheco",RB,17,14.05,6,0.9%,36%,66.1,90,86,201.7,4
165,CIN,"Evan McPherson",K,17,32.09,6,0.7%,0%,145.2,149,151,177,4
166,PIT,"Pittsburgh Steelers",DEF,17,15.05,9,12.2%,0%,104.4,102,112,132.5,4
167,NE,"Hunter Henry",TE,17,12.11,11,-3.5%,47%,109.1,120,123,161.8,4
168,MIN,"Minnesota Vikings",DEF,17,14.04,6,-12.4%,0%,103.6,104,111,133.7,4
169,NE,"New England Patriots",DEF,17,13.01,11,0.2%,0%,99.4,95,114,129.2,3
170,NYG,"Tyrone Tracy Jr.",RB,17,12.07,8,2.2%,34%,59.1,69,84,198.6,3
171,SEA,"Jason Myers",K,17,30.09,11,1%,0%,147,164,150,175.5,3
172,NO,"Alvin Kamara",RB,16,13.04,8,1.8%,39%,65.5,88,93,193,3
173,ARI,"Jacoby Brissett",QB,13,19.10,14,-1.2%,10%,194.2,258,247,357.7,3
174,LVR,"Tre Tucker",WR,17,15.10,13,-5%,0%,105.1,107,124,199,3
175,DET,"Jake Bates",K,17,31.10,6,4.2%,8%,146.6,154,150,175,3
176,CAR,"Bryce Young",QB,17,16.03,5,-0.8%,32%,244.1,252,247,394.6,2
177,SEA,"Sam Darnold",QB,17,13.02,11,0.4%,29%,258.1,257,261,391.1,2
178,IND,"Keenan Allen",WR,17,13.12,13,-0.8%,49%,104.5,96,119,206.5,2
179,LAR,"Harrison Mevis",K,17,32.04,11,0.7%,0%,145.1,158,150,175,2
180,DAL,"Jaydon Blue",RB,17,16.01,14,2.9%,22%,60.9,42,74,204.2,2
181,NYJ,"Adonai Mitchell",WR,17,18.05,13,-1%,28%,100.1,90,116,211.8,2
182,PHI,"Philadelphia Eagles",DEF,17,11.08,10,-14.5%,0%,101,97,106,137.1,2
183,GB,"Trey Smack",K,17,42.11,11,0.6%,0%,140.9,145,150,175.4,2
184,MIN,"Will Reichard",K,17,32.12,6,1%,0%,144.9,142,148,174.5,1
185,LAR,"Los Angeles Rams",DEF,17,9.05,11,-5%,0%,100.7,106,107,130.4,1
186,PIT,"Aaron Rodgers",QB,17,17.09,9,-2.1%,53%,252.9,219,258,384.5,1
187,NYJ,"Braelon Allen",RB,17,16.10,13,-2.5%,42%,62.7,72,66,197.9,1
188,DET,"Detroit Lions",DEF,17,16.07,6,10.7%,0%,98.6,96,106,133.6,0
189,NYG,"Najee Harris",RB,17,22.11,8,2.2%,39%,52.9,56,66,201.7,0
190,KC,"Emmett Johnson",RB,17,17.02,5,0.6%,18%,55,41,71,189.6,0
191,NYJ,"Geno Smith",QB,16,19.11,13,-4.4%,36%,214.4,238,241,387.3,0
192,DEN,"Wil Lutz",K,17,46.08,10,-3.5%,0%,144.9,146,148,171.6,0
193,NYG,"New York Giants",DEF,17,59.04,8,-7.9%,0%,99.1,85,107,131.1,0
194,LAC,"Los Angeles Chargers",DEF,17,15.04,7,0.4%,0%,99.7,96,106,131.6,0
195,LAR,"Terrance Ferguson",TE,17,15.09,11,-2.2%,0%,95,100,106,171,0
196,KC,"Harrison Butker",K,17,39.05,5,0.1%,0%,145,143,148,170.2,0
197,LVR,"Fernando Mendoza",QB,13,14.08,13,-6.2%,23%,178.1,242,240,356.2,0
198,BAL,"Justice Hill",RB,17,19.01,13,-0.1%,32%,70.1,77,78,155.7,-1
199,JAC,"Jacksonville Jaguars",DEF,17,14.10,7,-2.7%,0%,98.7,94,107,127.7,-1
200,WAS,"Kaytron Allen",RB,17,19.03,7,4.2%,24%,52.7,26,62,195.5,-1
201,TEN,"Calvin Ridley",WR,17,19.06,9,5%,48%,92.2,96,115,201.7,-1
202,TEN,"Nicholas Singleton",RB,17,17.11,9,2.9%,19%,50.6,28,58,200.6,-1
203,NYJ,"Kenyon Sadiq",TE,17,15.02,13,-1.5%,24%,100.8,101,112,163.5,-1
204,ARI,"James Conner",RB,16,17.07,14,0.1%,34%,54.2,52,75,154.7,-1
205,PHI,"Tank Bigsby",RB,17,14.01,10,4.4%,22%,54.1,72,57,198.2,-1
206,BAL,"Tyler Loop",K,17,33.03,13,-1.6%,0%,134.9,150,147,175.9,-1
207,CHI,"Chicago Bears",DEF,17,18.11,10,-4.8%,0%,98.2,97,105,130.6,-1
208,DAL,"Malik Davis",RB,17,29.07,14,2.9%,0%,50.1,49,56,200.5,-1
209,WAS,"Chigoziem Okonkwo",TE,17,14.09,7,-3%,22%,104.8,105,113,156.7,-2
210,NYJ,"Omar Cooper Jr.",WR,17,16.09,13,-1%,38%,92.1,83,107,215.2,-2
211,BUF,"Buffalo Bills",DEF,17,22.07,7,0.4%,0%,98.5,97,106,127.1,-2
212,HOU,"Dalton Schultz",TE,17,15.12,8,0.5%,57%,107.6,111,120,148.2,-2
213,TB,"Sean Tucker",RB,17,19.12,10,-2.2%,20%,50.6,38,63,180.2,-2
214,SF,"Kaelon Black",RB,17,16.05,8,0.7%,0%,52,66,58,187.9,-2
215,CLE,"Cleveland Browns",DEF,17,32.03,11,8%,0%,95.4,87,103,133.4,-2
216,NE,"Andres Borregales",K,17,33.10,11,0.2%,0%,141.8,137,146,168.1,-3
217,LVR,"Jalen Nailor",WR,17,14.03,13,-5%,0%,94.6,102,111,198,-3
218,SEA,"George Holani",RB,17,33.09,11,5.6%,0%,58.7,36,73,168.2,-3
219,CIN,"Samaje Perine",RB,17,23.02,6,-4%,36%,65.2,77,77,149.5,-3
220,CLE,"Jerry Jeudy",WR,17,18.02,11,4.3%,32%,93.8,99,110,198.7,-3
221,KC,"Kansas City Chiefs",DEF,17,18.08,5,2.1%,0%,96.4,85,106,122.8,-3
222,MIN,"Jauan Jennings",WR,17,15.08,6,4.9%,33%,93.4,98,106,204.9,-3
223,HOU,"Kayshon Boutte",WR,17,17.04,8,4.4%,0%,92.1,104,105,209.2,-3
224,TB,"Tampa Bay Buccaneers",DEF,17,38.12,10,5.5%,0%,96.7,87,102,129.3,-4
225,PIT,"Chris Boswell",K,17,32.07,9,-2.9%,0%,141.3,139,144,168.7,-4
226,MIN,"T.J. Hockenson",TE,17,14.12,6,2%,51%,104.1,106,116,148.1,-4
227,NYJ,"Isaiah Davis",RB,17,43.07,13,-2.5%,0%,57.7,43,63,147.4,-4
228,TB,"Chase McLaughlin",K,17,34.09,10,5%,0%,140.2,143,145,167.6,-4
229,SF,"San Francisco 49ers",DEF,17,18.10,8,1.7%,0%,95.2,82,102,126,-4
230,LAC,"Kimani Vidal",RB,17,19.04,7,0.6%,0%,52.7,43,57,154.7,-4
231,DEN,"Pat Bryant",WR,17,17.10,10,-2.5%,65%,89.2,69,101,210.7,-5
232,HOU,"Jaylin Noel",WR,17,25.10,8,4.4%,19%,88.6,68,103,206,-5
233,BUF,"Ty Johnson",RB,17,27.09,7,-4.2%,29%,59.8,63,70,130.2,-5
234,JAC,"LeQuint Allen",RB,17,33.06,7,0.9%,21%,53.6,30,58,134.1,-6
235,NO,"Kendre Miller",RB,17,34.10,8,1.8%,33%,38.5,22,48,163.6,-6
236,IND,"Indianapolis Colts",DEF,17,49.09,13,10.2%,0%,93.9,85,99,128.4,-6
237,MIA,"Jaylen Wright",RB,17,20.02,6,0.8%,23%,38.8,43,47,163,-6
238,MIA,"Jarquez Hunter",RB,17,42.02,6,0.8%,0%,36.7,4,45,167.7,-6
239,NYG,"Devin Singletary",RB,17,26.09,8,2.2%,29%,45.2,12,49,152.3,-6
240,BAL,"Rashod Bateman",WR,17,42.01,13,-0.3%,33%,77.8,93,100,209.6,-6
241,IND,"Seth McGowan",RB,17,31.07,13,1.7%,0%,38.9,26,47,156.5,-6
242,PHI,"Dontayvion Wicks",WR,17,17.01,10,6.6%,35%,83.7,71,95,214.1,-7
243,PHI,"Jake Elliott",K,17,52.03,10,-0.9%,0%,138.8,136,143,163.1,-7
244,BUF,"Tyler Bass",K,17,50.11,7,-1.6%,0%,138.4,141,143,164.1,-7
245,UNS,"Trey Benson",RB,17,21.04,18,-,25%,35.6,0,51,147.4,-7
246,SEA,"Emanuel Wilson",RB,17,21.01,11,5.6%,0%,39.7,42,50,146.3,-7
247,SEA,"AJ Barner",TE,17,15.03,11,-0.1%,28%,98.2,95,102,152.5,-7
248,LAC,"Tre Harris",WR,17,18.01,7,-2.6%,42%,83.3,75,95,213.1,-7
249,MIN,"Demond Claiborne",RB,17,20.04,6,-0.1%,0%,35.9,15,42,160.5,-7
250,MIA,"Ollie Gordon II",RB,17,31.05,6,0.8%,0%,36.1,30,41,161.8,-7
251,TEN,"Tennessee Titans",DEF,17,40.04,9,-0.2%,0%,93,81,97,127.9,-7
252,NO,"New Orleans Saints",DEF,17,80.08,8,13.3%,0%,92.8,93,97,128.6,-7
253,TB,"Cade Otton",TE,17,19.05,10,-2.8%,64%,101.7,93,106,140.9,-7
254,SF,"Jordan James",RB,17,19.07,8,0.7%,0%,34.7,54,39,159.7,-8
255,NO,"Devaughn Vele",WR,17,27.03,8,0.9%,0%,86.4,86,103,190.3,-8
256,BUF,"Ray Davis",RB,17,17.08,7,-4.2%,24%,30.7,43,41,155.7,-8
257,CIN,"Cincinnati Bengals",DEF,17,77.09,6,4.2%,0%,90.7,88,97,127.4,-8
258,KC,"Brashard Smith",RB,17,35.01,5,0.6%,22%,44.3,22,54,118.7,-8
259,NYG,"Dominic Zvada",K,17,53.03,8,0.2%,0%,133.9,97,141,166.3,-8
260,BAL,"Ja'Kobi Lane",WR,17,12.12,13,-0.3%,0%,81.7,80,93,208.8,-8
261,CAR,"Ryan Fitzgerald",K,17,54.05,5,3.2%,0%,135.5,127,141,163.7,-8
262,NO,"Daniel Carlson",K,17,52.07,8,4.4%,0%,134.3,124,143,160,-9
263,NYJ,"New York Jets",DEF,17,28.08,13,11.1%,0%,90.6,74,96,124.4,-9
264,MIA,"Caleb Douglas",WR,17,17.05,6,-1.2%,0%,82.3,77,94,203.9,-9
265,GB,"Christopher Brooks",RB,17,40.11,11,-2.2%,0%,39.7,37,44,125.9,-9
266,LVR,"Las Vegas Raiders",DEF,17,33.02,13,7%,0%,91.5,78,95,124.8,-9
267,DAL,"Dallas Cowboys",DEF,17,17.03,14,-12.8%,0%,91,85,95,126.1,-9
268,BAL,"Adam Randall",RB,17,23.04,13,-0.1%,0%,32.5,43,38,141.5,-9
269,UNS,"Kareem Hunt",RB,17,22.05,18,-,36%,35.5,11,51,136.8,-9
270,DAL,"Ryan Flournoy",WR,17,19.02,14,-0.7%,33%,81,87,93,202.2,-9
271,PIT,"Pat Freiermuth",TE,17,18.04,9,3%,39%,90,101,100,147.9,-10
272,UNS,"Antonio Gibson",RB,17,24.06,18,-,31%,35.4,3,54,119.7,-10
273,PIT,"Kaleb Johnson",RB,17,34.05,9,-2.1%,19%,30.5,10,35,142.2,-10
274,WAS,"Drew Stevens",K,17,53.08,7,-1.4%,0%,131,130,139,164.5,-10
275,PIT,"Germie Bernard",WR,17,20.01,9,-2.6%,37%,71.5,79,93,199.6,-11
276,ATL,"Zachariah Branch",WR,17,18.06,11,0.4%,20%,78.7,66,91,196.6,-11
277,UNS,"Alexander Mattison",RB,17,51.11,18,-,27%,35.7,,42,105,-11
278,UNS,"Miles Sanders",RB,17,53.10,18,-,35%,36.8,43,42,103.3,-11
279,SF,"Kyle Juszczyk",RB,17,38.02,8,0.7%,0%,40.2,36,45,89.4,-12
280,UNS,"Austin Ekeler",RB,17,34.04,18,-,36%,33,16,44,114.5,-12
281,WAS,"Jeremy McNichols",RB,17,61.09,7,4.2%,0%,34.6,14,38,105.7,-12
282,NYG,"Malachi Fields",WR,17,18.07,8,3.7%,19%,75.8,64,90,195.9,-12
283,JAC,"Travis Hunter",WR,17,15.01,7,4%,44%,70.4,71,77,226.4,-12
284,ATL,"Atlanta Falcons",DEF,17,41.04,11,6.6%,0%,88.8,99,92,123.5,-12
285,ARI,"Arizona Cardinals",DEF,17,49.11,14,-6.1%,0%,86.8,83,93,120.4,-12
286,CAR,"Carolina Panthers",DEF,17,40.06,5,3.4%,0%,89,80,91,123.5,-12
287,WAS,"Washington Commanders",DEF,17,45.11,7,-3.7%,0%,88.4,82,91,123,-13
288,LVR,"Dylan Laube",RB,17,25.04,13,-3.1%,7%,25.3,6,36,103.1,-13
289,DAL,"Phil Mafah",RB,17,34.01,14,2.9%,0%,23.1,11,26,123.5,-13
290,MIA,"Chris Bell",WR,17,18.12,6,-1.2%,36%,70.1,67,83,208.6,-13
291,ATL,"Nick Folk",K,17,48.10,11,1.8%,0%,132.9,140,136,161.4,-13
292,SF,"Isaac Guerendo",RB,17,47.09,8,0.7%,33%,23.2,10,26,118.6,-13
293,KC,"Emari Demercado",RB,17,28.02,5,0.6%,23%,28.9,49,34,95.3,-13
294,SEA,"Cooper Kupp",WR,17,16.06,11,-0.1%,36%,84,80,97,193.1,-14
295,PIT,"Eli Heidenreich",RB,17,49.04,9,-2.1%,0%,26.9,10,32,94.9,-14
296,NO,"Devin Neal",RB,17,39.08,8,1.8%,0%,28.6,14,34,85,-14
297,TEN,"Gunnar Helm",TE,17,19.09,9,4.1%,0%,82.3,91,94,141.2,-14
298,MIA,"Miami Dolphins",DEF,17,37.10,6,-0.5%,0%,86.9,80,90,121,-14
299,NO,"Audric Estime",RB,17,42.07,8,1.8%,14%,24.5,11,28,97.6,-14
300,CAR,"Trevor Etienne",RB,17,41.09,5,-6%,18%,30.3,14,34,80.8,-14
301,ATL,"Michael Penix Jr.",QB,11,31.02,11,1.7%,39%,124.5,189,219,280,-14
302,CLE,"Deshaun Watson",QB,7,24.05,11,5.4%,29%,86.2,121,212,247.1,-15
303,MIA,"Malik Washington",WR,17,16.04,6,-1.2%,0%,80.2,90,85,185.2,-15
304,KC,"Tyquan Thornton",WR,17,41.07,5,-2.6%,14%,71.1,75,80,202.2,-15
305,MIA,"Greg Dulcich",TE,17,18.03,6,-3.2%,22%,80,95,89,146.6,-15
306,TEN,"Joey Slye",K,17,53.02,9,1.6%,0%,130.3,126,134,158.5,-15
307,CLE,"Raheim Sanders",RB,17,44.06,11,0.6%,0%,18.1,16,21,102.6,-15
308,LAC,"Charlie Kolar",TE,17,27.12,7,-2.6%,14%,78.1,41,85,154.5,-15
309,NE,"Jamarion Miller",RB,17,36.09,11,-1.9%,0%,19.3,15,22,91,-16
310,LAR,"Colby Parkinson",TE,17,20.08,11,-2.2%,0%,76.1,65,86,151.4,-16
311,LVR,"Roman Hemby",RB,17,50.04,13,-3.1%,0%,15.7,20,20,97.1,-16
312,CHI,"Roschon Johnson",RB,17,35.02,10,-3.6%,18%,16,27,18,97.9,-16
313,LVR,"Matt Gay",K,17,55.03,13,-0.3%,0%,130.9,125,134,156.3,-16
314,ATL,"Tyler Goodson",RB,17,21.06,11,-3.2%,0%,16.3,10,19,92.7,-16
315,DEN,"Evan Engram",TE,17,33.08,10,-1%,39%,78.6,75,87,143.3,-16
316,IND,"DJ Giddens",RB,17,40.05,13,1.7%,17%,16.8,28,20,88.7,-16
317,PHI,"Will Shipley",RB,17,39.11,10,4.4%,19%,28.3,19,30,59.5,-17
318,CIN,"Tahj Brooks",RB,17,40.01,6,-4%,0%,16.4,16,18,91,-17
319,TEN,"Michael Carter",RB,17,46.03,9,2.9%,19%,24.7,4,28,62.5,-17
320,BUF,"Keon Coleman",WR,17,20.03,7,0.7%,24%,66.3,54,80,191.8,-17
321,KC,"Jaydn Ott",RB,17,64.11,5,0.6%,0%,14.5,8,18,85.1,-17
322,LAC,"Oronde Gadsden II",TE,17,13.11,7,-2.6%,0%,68.6,78,79,163.1,-17
323,HOU,"Jawhar Jordan",RB,17,28.05,8,2%,0%,20.3,31,23,67.8,-17
324,JAC,"J'Mari Taylor",RB,17,25.08,7,0.9%,0%,15,14,19,78.5,-17
325,UNS,"Tyreek Hill",WR,5,18.09,18,-,42%,13,58,99,81.5,-18
326,NE,"Kyle Williams",WR,17,36.03,11,-2.5%,6%,58.9,33,74,205.6,-18
327,WAS,"Robert Henry Jr.",RB,17,48.03,7,4.2%,0%,12.8,5,18,79.3,-18
328,NE,"Lan Larison",RB,17,,11,-1.9%,0%,16.2,22,20,70.8,-18
329,ARI,"Chad Ryland",K,13,54.03,14,1.9%,0%,102.6,148,127,146,-18
330,HOU,"Noah Whittington",RB,17,24.08,8,2%,0%,14.4,,18,71.2,-18
331,CIN,"Mike Gesicki",TE,17,25.03,6,3.5%,42%,73.4,77,86,139,-18
332,CLE,"Andre Szmyt",K,17,55.05,11,4.5%,0%,127.7,124,132,155.4,-18
333,DET,"Isaac TeSlaa",WR,17,16.12,6,-1%,0%,69.1,67,79,184.6,-18
334,DEN,"Tyler Badie",RB,17,52.06,10,0.1%,0%,16.8,2,19,65.5,-18
335,PIT,"Darnell Washington",TE,17,33.01,9,3%,34%,72.1,66,82,147.5,-19
336,TEN,"Kalel Mullings",RB,17,72.02,9,2.9%,0%,12.4,3,15,65.8,-19
337,KC,"Cyrus Allen",WR,17,15.11,5,-2.6%,0%,58.9,58,69,205.6,-19
338,BUF,"Desmond Reid",RB,17,65.05,7,-4.2%,0%,11.2,13,12,61.4,-20
339,BAL,"Rasheen Ali",RB,17,37.09,13,-0.1%,0%,13.2,12,15,54.1,-20
340,NE,"Demario Douglas",WR,17,40.10,11,-2.5%,15%,64.2,67,73,188.2,-20
341,NO,"CJ Donaldson",RB,17,70.02,8,1.8%,0%,9.8,14,11,59.8,-20
342,CLE,"Shedeur Sanders",QB,8,27.11,11,5.4%,34%,86.4,94,204,232.1,-20
343,LVR,"Jack Bech",WR,17,33.11,13,-5%,29%,62.9,46,70,192.3,-20
344,DEN,"Jaleel McLaughlin",RB,17,39.04,10,0.1%,17%,14.4,6,15,45.4,-20
345,HOU,"Nathaniel Dell",WR,13,16.11,8,4.4%,17%,44.7,85,77,156.3,-21
346,NYJ,"Jason Sanders",K,17,53.04,13,-1.2%,0%,121.4,126,129,156.3,-21
347,CIN,"Jamal Haynes",RB,17,67.09,6,-4%,0%,8.2,4,10,53.3,-21
348,NYJ,"Chip Trayanum",RB,17,27.08,13,-2.5%,0%,8.6,4,10,47.6,-21
349,NYG,"Darius Slayton",WR,17,31.08,8,3.7%,39%,60,62,70,188.2,-22
350,LAC,"Jaret Patterson",RB,17,53.01,7,0.6%,15%,7.2,7,8,36.7,-22
351,ATL,"Tua Tagovailoa",QB,6,20.06,11,1.7%,27%,79.3,107,202,187.7,-22
352,BUF,"Joshua Palmer",WR,17,26.02,7,0.7%,42%,63.7,39,72,173.8,-23
353,CAR,"Xavier Legette",WR,17,37.01,5,-1.3%,35%,64.9,63,68,181.1,-23
354,UNS,"Brandon Aiyuk",WR,17,21.03,18,-,33%,34.3,31,86,197.1,-23
355,LVR,"Michael Mayer",TE,17,32.06,13,-1%,36%,64.2,60,73,144.4,-23
356,ARI,"Kendrick Bourne",WR,17,34.07,14,-0.8%,25%,65.2,54,81,171.1,-24
357,CIN,"Andrei Iosivas",WR,17,42.09,6,4%,8%,64.2,62,73,164.1,-24
358,LAC,"David Njoku",TE,17,17.12,7,-2.6%,81%,60.6,72,67,154.9,-24
359,ATL,"Jahan Dotson",WR,17,30.05,11,0.4%,25%,64.8,61,75,158.2,-24
360,DEN,"Marvin Mims Jr.",WR,17,43.08,10,-2.5%,41%,65.4,45,78,151.8,-24
361,DEN,"Troy Franklin",WR,17,20.12,10,-2.5%,36%,60.1,68,67,173.7,-25
362,CAR,"Darren Waller",TE,17,27.07,5,0.3%,54%,52,79,74,141.2,-25
363,BAL,"Elijah Sarratt",WR,17,40.09,13,-0.3%,40%,57.1,36,65,178.6,-25
364,ARI,"Carson Beck",QB,4,39.01,14,-1.2%,29%,48.8,24,194,166.5,-25
365,SEA,"Tory Horton",WR,17,20.11,11,-0.1%,46%,51.4,67,64,183.1,-25
366,IND,"Blake Grupe",K,11,56.10,13,-2.2%,0%,84.6,164,122,127.4,-25
367,MIA,"Riley Patterson",K,17,53.06,6,1.6%,0%,121.6,124,123,153.5,-25
368,LVR,"Malik Benson",WR,17,22.12,13,-5%,0%,51.4,49,61,187.6,-26
369,DAL,"KaVontae Turpin",WR,17,40.07,14,-0.7%,0%,71.4,50,80,131.6,-26
370,LVR,"Kirk Cousins",QB,4,28.12,13,-6.2%,19%,52.2,50,192,159.9,-26
371,PHI,"Marquise Brown",WR,17,36.11,10,6.6%,19%,53.3,52,58,179.6,-27
372,NYJ,"Isaiah Williams",WR,17,28.10,13,-1%,0%,53.1,25,56,176.2,-29
373,TB,"Ted Hurst",WR,17,19.08,10,2.6%,0%,51.2,58,60,168.5,-29
374,SEA,"Elijah Arroyo",TE,17,26.05,11,-0.1%,48%,54.4,42,59,147.9,-29
375,NYG,"Darnell Mooney",WR,17,20.09,8,3.7%,55%,51.8,49,56,174.6,-29
376,NO,"Bryce Lance",WR,17,23.07,8,0.9%,0%,48.5,21,54,177.9,-30
377,TEN,"Elic Ayomanor",WR,17,42.12,9,5%,7%,50.6,54,57,166.6,-30
378,CHI,"Zavion Thomas",WR,17,42.05,10,-2.5%,0%,48.8,39,57,166.4,-30
379,NO,"Barion Brown",WR,17,32.02,8,0.9%,0%,49.1,19,55,169.2,-31
380,WAS,"Antonio Williams",WR,17,20.05,7,-2.4%,52%,47,66,56,166.7,-31
381,WAS,"Treylon Burks",WR,17,35.04,7,-2.4%,29%,47.6,31,54,170.3,-31
382,PIT,"Roman Wilson",WR,17,39.09,9,-2.6%,7%,49.5,29,55,165.1,-31
383,CLE,"Isaiah Bond",WR,17,37.04,11,4.3%,12%,49,29,54,165.9,-31
384,NYJ,"Mason Taylor",TE,17,30.12,13,-1.5%,39%,54.4,74,57,138.9,-31
385,CIN,"Erick All",TE,17,23.06,6,3.5%,0%,49.8,47,59,134.7,-32
386,PHI,"Eli Stowers",TE,17,20.07,10,7.1%,24%,43.3,38,54,149,-32
387,UNS,"Cedric Tillman",WR,17,42.06,18,-,34%,42.2,10,53,168.6,-32
388,MIN,"Tai Felton",WR,17,23.12,6,4.9%,0%,44.2,17,49,169.5,-33
389,ATL,"Olamide Zaccheaus",WR,17,43.09,11,0.4%,7%,53.7,41,62,134.8,-33
390,UNS,"Curtis Samuel",WR,17,76.12,18,-,36%,49.8,5,62,133.8,-34
391,BUF,"Dawson Knox",TE,17,36.05,7,-1.4%,21%,52.2,60,55,126.3,-35
392,KC,"Jalen Royals",WR,17,37.07,5,-2.6%,28%,37.3,12,44,171.4,-35
393,UNS,"DeAndre Hopkins",WR,17,78.02,18,-,28%,49,3,61,128.5,-35
394,LAC,"Brenen Thompson",WR,17,30.07,7,-2.6%,0%,43.9,17,49,156.1,-35
395,SF,"Christian Kirk",WR,17,31.12,8,-3.2%,35%,47.6,42,54,140.6,-36
396,NE,"Eli Raridon",TE,17,39.12,11,-3.5%,0%,40.6,34,48,143.3,-36
397,HOU,"Xavier Hutchinson",WR,17,34.08,8,4.4%,0%,43.9,56,48,152.9,-36
398,CHI,"Kalif Raymond",WR,17,26.12,10,-2.5%,7%,51.6,37,56,126.2,-37
399,CHI,"Cole Kmet",TE,17,36.10,10,-3.6%,35%,49.4,55,52,122.1,-37
400,WAS,"Luke McCaffrey",WR,17,26.03,7,-2.4%,13%,49.6,27,52,132,-37
401,PHI,"Darius Cooper",WR,17,30.08,10,6.6%,0%,37.1,5,42,160.2,-37
402,NE,"Mack Hollins",WR,17,42.08,11,-2.5%,22%,45.9,39,51,135.2,-38
403,LAR,"Max Klare",TE,17,41.06,11,-2.2%,0%,39.5,16,45,136.9,-38
404,LAR,"Jordan Whittington",WR,17,27.01,11,-3.1%,0%,43.3,18,46,145.8,-38
405,ARI,"Joshua Karty",K,8,55.02,14,1.9%,0%,63.4,15,113,89.6,-38
406,KC,"Noah Gray",TE,17,36.12,5,1.9%,0%,50.8,40,51,111.8,-39
407,NO,"Noah Fant",TE,17,28.11,8,-0.1%,29%,43.3,45,47,122.4,-39
408,TEN,"Chimere Dike",WR,17,29.01,9,5%,0%,42.1,53,46,135.8,-40
409,NYG,"Theo Johnson",TE,17,21.02,8,3.2%,23%,44.4,54,47,118,-40
410,CAR,"Jimmy Horn Jr.",WR,17,31.03,5,-1.3%,0%,41.2,18,43,138.7,-40
411,LAR,"Tutu Atwell",WR,17,40.08,11,-3.1%,15%,38.6,27,43,141.4,-40
412,MIA,"Jalen Tolbert",WR,17,23.05,6,-1.2%,0%,38.7,44,43,137.6,-41
413,WAS,"Dyami Brown",WR,17,48.06,7,-2.4%,36%,38.9,13,45,131.1,-41
414,BAL,"Devontez Walker",WR,17,29.02,13,-0.3%,8%,30.7,35,35,156.8,-41
415,TB,"Tez Johnson",WR,17,34.06,10,2.6%,0%,34.6,26,36,151.4,-41
416,SF,"Demarcus Robinson",WR,17,35.08,8,-3.2%,0%,37.6,33,44,132.6,-41
417,LAR,"Tyler Higbee",TE,17,28.04,11,-2.2%,34%,39.3,49,44,120.1,-42
418,WAS,"Jaylin Lane",WR,17,39.10,7,-2.4%,0%,44.7,26,50,114.2,-42
419,GB,"Savion Williams",WR,17,35.03,11,1.3%,0%,43.3,32,48,115.5,-42
420,UNS,"Hunter Renfrow",WR,17,65.03,18,-,18%,35.6,,45,124.7,-43
421,BUF,"Skyler Bell",WR,17,38.01,7,0.7%,0%,33.6,29,37,142.5,-43
422,NO,"Oscar Delp",TE,17,37.05,8,-0.1%,0%,34.1,16,40,124.4,-43
423,ATL,"Austin Hooper",TE,17,56.06,11,4.8%,16%,41.9,41,46,104.8,-43
424,CIN,"Colbie Young",WR,17,26.08,6,4%,0%,29.6,32,35,142.9,-43
425,TEN,"Daniel Bellinger",TE,17,41.03,9,4.1%,28%,38.8,34,42,111.7,-44
426,DEN,"Justin Joly",TE,17,37.02,10,-1%,0%,31.2,25,37,126.7,-44
427,CHI,"Jahdae Walker",WR,17,30.04,10,-2.5%,0%,29.4,40,33,140.3,-45
428,IND,"Spencer Shrader",K,6,52.11,13,-2.2%,0%,45.6,19,107,69.6,-46
429,JAC,"Nate Boerkircher",TE,17,36.06,7,2.5%,0%,30.9,25,36,114.6,-46
430,LVR,"Dont'e Thornton Jr.",WR,17,34.11,13,-5%,0%,27.9,12,31,133.1,-46
431,UNS,"Will Dissly",TE,17,55.06,18,-,8%,33.5,13,36,108.1,-47
432,ARI,"Reggie Virgil",WR,17,69.05,14,-0.8%,0%,28.1,6,33,124.1,-47
433,GB,"Luke Musgrave",TE,13,38.05,11,-3.3%,16%,18.5,46,39,79.1,-48
434,CAR,"John Metchie",WR,17,42.04,5,-1.3%,13%,30.2,35,31,118.2,-49
435,ARI,"Elijah Higgins",TE,17,22.06,14,-3.6%,0%,33.8,31,36,99.7,-49
436,CAR,"Mitchell Evans",TE,17,66.08,5,0.3%,0%,33.2,18,35,99,-49
437,WAS,"Ben Sinnott",TE,17,34.02,7,-3%,20%,28.2,23,31,109.5,-49
438,DAL,"Marquez Valdes-Scantling",WR,17,24.10,14,-0.7%,17%,24.4,11,32,110.4,-50
439,CAR,"Tommy Tremble",TE,17,25.09,5,0.3%,0%,28.8,34,32,102.9,-50
440,LAR,"Konata Mumpfield",WR,17,35.07,11,-3.1%,0%,23.7,30,25,125,-50
441,CAR,"David Moore",WR,17,77.01,5,-1.3%,0%,28.4,3,30,107.7,-51
442,JAC,"Tanner Koziol",TE,17,63.04,7,2.5%,0%,23.3,8,27,112.2,-51
443,IND,"Ashton Dulin",WR,17,43.01,13,-0.8%,0%,25.5,38,32,105,-51
444,DET,"Greg Dortch",WR,17,25.07,6,-1%,18%,34.6,24,37,87.5,-51
445,RK,"Eric McAlister",WR,17,76.01,18,-,12%,21.9,14,24,121.6,-51
446,BUF,"Jackson Hawes",TE,17,22.10,7,-1.4%,0%,21.4,26,24,119,-51
447,HOU,"Sterling Shepard",WR,17,32.01,8,4.4%,26%,27.1,0,34,98.1,-51
448,SF,"Jordan Watkins",WR,17,65.09,8,-3.2%,0%,22.3,2,25,119.1,-51
449,MIA,"Kevin Coleman Jr.",WR,17,35.05,6,-1.2%,0%,24,22,27,112.1,-52
450,CHI,"Sam Roush",TE,17,26.10,10,-3.6%,0%,27.4,11,31,96.9,-52
451,LAC,"KeAndre Lambert-Smith",WR,17,27.06,7,-2.6%,0%,24.5,13,27,108.8,-52
452,NYG,"Odell Beckham Jr.",WR,17,41.11,8,3.7%,30%,21,10,26,112.8,-52
453,CAR,"Ja'Tavion Sanders",TE,17,41.10,5,0.3%,31%,29.5,22,35,83.2,-53
454,HOU,"Cade Stover",TE,17,68.01,8,0.5%,36%,27.7,17,31,92.3,-53
455,CIN,"Tanner Hudson",TE,17,51.06,6,3.5%,0%,26.6,14,30,94.7,-53
456,DAL,"Jonathan Mingo",WR,17,67.06,14,-0.7%,18%,23.4,6,27,102.1,-53
457,WAS,"Van Jefferson",WR,17,50.10,7,-2.4%,22%,26.9,4,30,92.8,-53
458,CIN,"Mitchell Tinsley",WR,17,22.04,6,4%,0%,19.7,13,22,109.7,-54
459,SF,"Jake Tonges",TE,17,20.10,8,-3.6%,0%,27.8,30,32,80.5,-55
460,IND,"Nick Westbrook-Ikhine",WR,17,39.03,13,-0.8%,0%,21.9,22,25,99.6,-55
461,MIN,"Josh Oliver",TE,17,57.09,6,2%,9%,25.8,40,27,89.7,-55
462,DEN,"Adam Trautman",TE,17,58.03,10,-1%,12%,25.2,31,31,78.6,-55
463,IND,"Laquon Treadwell",WR,17,61.11,13,-0.8%,5%,20.7,2,24,97.2,-55
464,GB,"Jonnu Smith",TE,17,21.11,11,-3.3%,29%,23.5,47,29,103,-55
465,DAL,"Brevyn Spann-Ford",TE,17,68.02,14,-2.5%,0%,22.4,11,24,94.5,-56
466,DET,"Tyler Conklin",TE,17,29.05,6,-2%,13%,25.8,7,27,84.3,-56
467,BAL,"Matthew Hibner",TE,17,37.08,13,3.6%,0%,19.8,13,23,93.2,-56
468,TEN,"K.J. Osborn",WR,17,74.11,9,5%,17%,23.3,29,28,79.5,-56
469,LAR,"Davis Allen",TE,17,38.08,11,-2.2%,0%,21.6,24,24,89.9,-56
470,MIA,"Will Kacmarek",TE,17,59.12,6,-3.2%,0%,22.1,38,23,90.8,-56
471,HOU,"Marlin Klein",TE,17,31.06,8,0.5%,0%,23.8,35,27,81.1,-57
472,NYG,"Jalin Hyatt",WR,17,65.01,8,3.7%,15%,16.7,0,19,101.9,-57
473,CIN,"Drew Sample",TE,17,21.09,6,3.5%,10%,21.5,23,23,90.4,-57
474,DAL,"Luke Schoonmaker",TE,17,61.12,14,-2.5%,13%,21.2,19,22,89.1,-57
475,DET,"Brock Wright",TE,17,43.04,6,-2%,0%,24.7,42,26,78,-57
476,NYJ,"Arian Smith",WR,17,82.05,13,-1%,6%,19.8,3,22,87.8,-58
477,MIA,"Theo Wease Jr.",WR,17,60.03,6,-1.2%,0%,16.2,20,19,95.5,-58
478,LAR,"CJ Daniels",WR,17,28.06,11,-3.1%,0%,17.7,16,20,90.3,-58
479,CLE,"Joe Royer",TE,17,23.11,11,3.4%,0%,18.2,15,21,85.5,-59
480,JAC,"Josh Cameron",WR,17,30.02,7,4%,0%,16.2,9,18,82.6,-60
481,LAC,"Derius Davis",WR,17,58.05,7,-2.6%,0%,23.4,5,25,64.1,-60
482,NYJ,"Tim Patrick",WR,17,62.05,13,-1%,7%,20.3,10,23,68.3,-60
483,IND,"Deion Burks",WR,17,34.03,13,-0.8%,0%,14.4,15,18,83.2,-60
484,KC,"Jeff Caldwell",WR,17,22.03,5,-2.6%,0%,13.7,19,16,86.6,-60
485,TEN,"Xavier Restrepo",WR,17,83.03,9,5%,0%,13.9,4,15,85.1,-61
486,NO,"Bub Means",WR,17,64.01,8,0.9%,0%,15.8,35,17,79.7,-61
487,BAL,"Josh Cuevas",TE,17,27.04,13,3.6%,0%,14.8,11,17,82.5,-61
488,TB,"David Sills V",WR,17,59.08,10,2.6%,0%,15.2,6,16,79.9,-61
489,DET,"Dominic Lovett",WR,17,82.01,6,-1%,0%,13.6,2,16,81.5,-61
490,TB,"Devin Culp",TE,17,69.02,10,-2.8%,0%,15.3,7,17,76.5,-62
491,SF,"Jacob Cowing",WR,17,21.05,8,-3.2%,0%,19.5,0,21,59.7,-63
492,PIT,"Riley Nowakowski",TE,17,22.09,9,3%,0%,14.4,14,16,73.8,-63
493,ATL,"Casey Washington",WR,17,83.12,11,0.4%,0%,13.3,13,15,72.5,-63
494,BUF,"Mecole Hardman",WR,17,53.05,7,0.7%,9%,11.7,1,15,73.1,-63
495,SF,"Luke Farrell",TE,17,48.09,8,-3.6%,0%,13.4,9,15,74.4,-64
496,HOU,"Zay Jones",WR,17,23.01,8,4.4%,42%,14.9,,18,61.3,-64
497,SEA,"Emmanuel Henderson Jr.",WR,17,79.06,11,-0.1%,0%,11.7,1,14,68.9,-64
498,IND,"Will Mallory",TE,17,64.02,13,1.5%,0%,13,13,14,70.8,-64
499,CIN,"Jack Endries",TE,17,24.04,6,3.5%,0%,15,16,18,61.9,-65
500,WAS,"John Bates",TE,17,21.08,7,-3%,0%,14.1,25,16,67.3,-65
501,PHI,"Quez Watkins",WR,17,69.01,10,6.6%,7%,11.4,12,13,67.2,-65
502,KC,"Jared Wiley",TE,17,82.03,5,1.9%,0%,14.2,11,15,67.3,-65
503,PHI,"Johnny Wilson",WR,17,80.03,10,6.6%,8%,12.2,0,15,61.2,-65
504,ARI,"Tip Reiman",TE,17,81.09,14,-3.6%,0%,12.5,8,14,69.7,-65
505,CLE,"Malachi Corley",WR,17,80.05,11,4.3%,11%,11.3,8,13,65,-65
506,DAL,"Michael Trigg",TE,17,63.11,14,-2.5%,0%,13.6,12,17,59.7,-65
507,NO,"Kevin Austin Jr.",WR,17,65.11,8,0.9%,0%,13.5,8,15,58.3,-65
508,ARI,"Harrison Wallace III",WR,17,22.06,14,-0.8%,0%,10.1,9,11,61.7,-66
509,PHI,"Tahj Washington",WR,17,59.01,10,6.6%,0%,10.1,9,11,61.7,-66
510,DAL,"Jordan Hudson",WR,17,79.12,14,-0.7%,0%,10.6,10,12,57.5,-67
511,TB,"Eric Rivers",WR,17,81.11,10,2.6%,0%,10.1,4,11,58.3,-67
512,CIN,"Charlie Jones",WR,17,63.12,6,4%,0%,11.3,1,13,52.8,-67
513,TB,"Bauer Sharp",TE,17,56.09,10,-2.8%,0%,11.8,,13,59.7,-67
514,NYG,"Thomas Fidone II",TE,17,66.09,8,3.2%,0%,8.9,14,10,69,-67
515,DAL,"Anthony Smith",WR,17,60.05,14,-0.7%,0%,10.1,,12,55.9,-67
516,NO,"Mason Tipton",WR,17,84.01,8,0.9%,0%,12.4,14,14,49.6,-67
517,KC,"Jake Briningstool",TE,17,21.12,5,1.9%,0%,8.6,,10,66.6,-68
518,ATL,"Charlie Woerner",TE,17,21.07,11,4.8%,0%,12.2,14,14,54.4,-68
519,DAL,"DJ Rogers",TE,16,,14,-2.5%,0%,11.5,39,18,37.8,-68
520,PIT,"Kaden Wetjen",WR,17,28.01,9,-2.6%,0%,14.5,2,17,35.9,-68
521,JAC,"CJ Williams",WR,17,76.11,7,4%,0%,9.4,9,11,49.7,-68
522,GB,"J. Michael Sturdivant",WR,17,62.11,11,1.3%,0%,9.6,9,11,50.3,-68
523,HOU,"Lewis Bond",WR,17,62.07,8,4.4%,0%,9.5,11,11,50.6,-68
524,TB,"Payne Durham",TE,17,22.08,10,-2.8%,0%,11.5,10,12,52.4,-69
525,NE,"Efton Chism",WR,17,25.02,11,-2.5%,0%,10.7,12,11,46,-69
526,MIA,"Seydou Traore",TE,17,63.05,6,-3.2%,0%,9.4,11,11,55.3,-69
527,DEN,"Dallen Bentley",TE,17,64.04,10,-1%,0%,10.1,6,12,51.2,-69
528,NYJ,"Jeremy Ruckert",TE,17,46.06,13,-1.5%,0%,12.1,25,13,44.6,-70
529,IND,"Anthony Gould",WR,17,82.08,13,-0.8%,0%,9.3,1,10,40.4,-70
530,PHI,"Johnny Mundt",TE,17,56.08,10,7.1%,0%,11.3,4,13,42.4,-70
531,PHI,"Grant Calcaterra",TE,17,28.03,10,7.1%,0%,12.7,16,14,36.1,-71
532,GB,"RJ Maryland",TE,17,,11,-3.3%,0%,8.8,8,10,46.7,-71
533,IND,"Mo Alie-Cox",TE,17,26.11,13,1.5%,13%,18.4,14,18,18.4,-72
534,JAC,"Hunter Long",TE,17,55.01,7,2.5%,12%,7.8,14,9,45.1,-72
535,CLE,"Carsen Ryan",TE,17,77.11,11,3.4%,0%,7.5,,9,42,-72
536,CLE,"Aaron Anderson",WR,17,62.08,11,4.3%,0%,6,4,7,36.7,-72
537,ATL,"Vinny Anthony II",WR,17,,11,0.4%,0%,6,6,7,33.9,-73
538,TEN,"Jaren Kanak",TE,17,78.09,9,4.1%,0%,7.8,5,9,36.7,-73
539,IND,"Andrew Ogletree",TE,17,65.10,13,1.5%,0%,13.1,5,13,13.1,-75
540,BAL,"Durham Smythe",TE,17,60.07,13,3.6%,15%,9.5,14,10,9.5,-78
541,MIN,"J.J. McCarthy",QB,17,29.11,6,4%,36%,32.6,16,33,132.9,-95
542,LAR,"Ty Simpson",QB,2,35.11,11,-0%,35%,26.7,21,30,97.8,-101
543,NYJ,"Cade Klubnik",QB,2,29.03,13,-4.4%,0%,25.2,15,28,84.1,-103
544,CLE,"Taylen Green",QB,1,27.10,11,5.4%,0%,11.9,4,14,49,-111
545,PIT,"Drew Allar",QB,1,30.06,9,-2.1%,0%,13,6,14,44.6,-112
546,CLE,"Dillon Gabriel",QB,1,66.01,11,5.4%,0%,12,19,13,42.5,-112
547,UNS,"Brandon McManus",K,15,55.08,18,-,0%,37.3,29,48,37.3,-121
548,NYG,"Ben Sauls",K,17,52.02,8,0.2%,0%,45.7,73,46,45.7,-124
549,UNS,"Zane Gonzalez",K,17,72.09,18,-,0%,11.9,29,12,11.9,-163
550,UNS,"Cade York",K,16,51.05,18,-,0%,0.7,34,6,0.7,-169
551,NO,"Charlie Smyth",K,2,57.01,8,4.4%,0%,5,91,5,5,-171
552,UNS,"Graham Gano",K,17,70.04,18,-,0%,0.7,29,1,0.7,-176
553,UNS,"Jake Moody",K,17,57.04,18,-,0%,0.7,68,1,0.7,-176
