Avg. ADP,Player,Pos,Vegas Proj.,FP Proj.,Difference
1.0,Ja'Marr Chase,WR,249.10,292.60,-43.50
2.3,Bijan Robinson,RB,255.85,293.30,-37.45
2.7,Saquon Barkley,RB,265.60,294.60,-29.00
4.3,Justin Jefferson,WR,228.90,255.10,-26.20
4.7,Jahmyr Gibbs,RB,246.85,287.60,-40.75
6.0,CeeDee Lamb,WR,228.40,247.60,-19.20
8.7,Amon-Ra St. Brown,WR,210.50,234.10,-23.60
9.0,Christian McCaffrey,RB,235.55,262.10,-26.55
9.0,Derrick Henry,RB,240.55,260.50,-19.95
10.0,Puka Nacua,WR,209.90,238.60,-28.70
10.7,Malik Nabers,WR,209.30,237.30,-28.00
11.0,Ashton Jeanty,RB,222.95,241.40,-18.45
11.7,Nico Collins,WR,191.40,229.60,-38.20
14.3,De'Von Achane,RB,218.35,249.40,-31.05
14.7,Brian Thomas Jr.,WR,201.10,228.70,-27.60
17.7,Josh Jacobs,RB,221.05,248.30,-27.25
18.3,Brock Bowers,TE,177.40,202.40,-25.00
18.7,Jonathan Taylor,RB,223.55,244.40,-20.85
18.7,Drake London,WR,201.40,219.50,-18.10
19.0,AJ Brown,WR,192.30,215.10,-22.80
21.0,Josh Allen,QB,360.07,376.90,-16.83
21.0,Bucky Irving,RB,208.65,228.50,-19.85
21.7,Lamar Jackson,QB,341.07,374.10,-33.03
25.7,Chase Brown,RB,199.60,228.70,-29.10
25.7,Trey McBride,TE,164.10,191.80,-27.70
26.0,Ladd McConkey,WR,182.50,209.10,-26.60
28.3,Kyren Williams,RB,203.15,234.70,-31.55
28.3,Tee Higgins,WR,180.80,205.00,-24.20
28.7,Jayden Daniels,QB,317.57,355.70,-38.13
29.3,Tyreek Hill,WR,182.30,215.40,-33.10
31.7,James Cook,RB,198.25,217.20,-18.95
32.0,Jalen Hurts,QB,328.07,358.70,-30.63
32.3,Jaxon SmithNjigba,WR,185.00,197.70,-12.70
34.0,George Kittle,TE,161.80,184.90,-23.10
36.7,Garrett Wilson,WR,162.50,188.00,-25.50
37.0,Joe Burrow,QB,317.02,342.10,-25.08
38.7,Mike Evans,WR,175.30,205.60,-30.30
39.7,Omarion Hampton,RB,189.65,199.10,-9.45
40.0,Davante Adams,WR,183.80,201.70,-17.90
40.0,Marvin Harrison,WR,172.90,192.50,-19.60
40.7,Terry McLaurin,WR,194.70,196.90,-2.20
41.0,Breece Hall,RB,182.60,203.80,-21.20
41.3,Alvin Kamara,RB,184.60,211.10,-26.50
43.3,Chuba Hubbard,RB,186.85,201.20,-14.35
46.3,DK Metcalf,WR,166.90,193.80,-26.90
47.0,Sam LaPorta,TE,134.30,150.70,-16.40
48.3,Patrick Mahomes,QB,303.52,328.90,-25.38
48.7,James Conner,RB,191.25,205.70,-14.45
51.3,DJ Moore,WR,181.40,187.30,-5.90
54.0,Xavier Worthy,WR,182.00,185.00,-3.00
54.7,Courtland Sutton,WR,162.80,182.80,-20.00
54.7,David Montgomery,RB,164.55,182.40,-17.85
54.7,TJ Hockenson,TE,127.80,141.60,-13.80
55.0,DeVonta Smith,WR,170.20,178.20,-8.00
56.3,Zay Flowers,WR,153.60,183.70,-30.10
56.7,Rashee Rice,WR,168.20,152.90,15.30
58.3,TreVeyon Henderson,RB,167.75,176.90,-9.15
58.7,Travis Kelce,TE,131.40,147.60,-16.20
60.3,George Pickens,WR,155.40,173.30,-17.90
61.0,Baker Mayfield,QB,297.52,318.10,-20.58
64.0,Jameson Williams,WR,163.00,173.60,-10.60
64.3,Isiah Pacheco,RB,152.35,161.60,-9.25
64.3,RJ Harvey,RB,171.05,161.30,9.75
65.3,DAndre Swift,RB,159.35,184.90,-25.55
66.7,Jaylen Waddle,WR,154.60,164.40,-9.80
68.7,Bo Nix,QB,289.22,308.80,-19.58
68.7,Mark Andrews,TE,126.95,144.10,-17.15
69.0,Tony Pollard,RB,176.05,180.00,-3.95
69.3,Tetairoa McMillan,WR,146.00,166.10,-20.10
69.7,Calvin Ridley,WR,159.10,176.70,-17.60
70.0,Aaron Jones,RB,153.55,180.20,-26.65
70.3,Travis Hunter,WR,137.60,155.70,-18.10
74.3,Joe Mixon,RB,144.00,154.80,-10.80
75.7,Jerry Jeudy,WR,148.10,174.60,-26.50
77.7,David Njoku,TE,118.30,140.20,-21.90
79.3,Kaleb Johnson,RB,157.55,153.40,4.15
79.7,Rome Odunze,WR,151.30,152.70,-1.40
79.7,Evan Engram,TE,117.80,120.70,-2.90
80.0,Chris Olave,WR,137.30,156.70,-19.40
85.3,Tyrone Tracy,RB,148.00,157.60,-9.60
86.7,Jakobi Meyers,WR,151.21,169.40,-18.19
87.0,Brock Purdy,QB,283.22,311.80,-28.58
87.3,Kyler Murray,QB,280.57,317.30,-36.73
89.0,Brian Robinson,RB,66.20,71.60,-5.40
89.3,Stefon Diggs,WR,133.90,155.90,-22.00
90.3,Jordan Addison,WR,130.65,146.10,-15.45
90.7,Jaylen Warren,RB,144.55,152.80,-8.25
91.7,Deebo Samuel,WR,148.55,164.30,-15.75
91.7,Chris Godwin,WR,143.20,145.30,-2.10
92.0,Quinshon Judkins,RB,122.70,133.20,-10.50
94.0,Cooper Kupp,WR,135.15,148.70,-13.55
99.3,Justin Herbert,QB,265.42,291.40,-25.98
100.3,Matthew Golden,WR,135.60,156.40,-20.80
101.3,Ricky Pearsall,WR,149.05,147.80,1.25
101.7,Tucker Kraft,TE,120.55,120.10,0.45
102.0,Dak Prescott,QB,272.92,291.70,-18.78
103.0,Jared Goff,QB,267.32,286.60,-19.28
104.3,Emeka Egbuka,WR,147.75,141.10,6.65
104.7,Jauan Jennings,WR,143.00,154.00,-11.00
105.0,Tyler Warren,TE,114.90,126.90,-12.00
106.0,JK Dobbins,RB,143.50,131.30,12.20
107.3,Travis Etienne,RB,140.70,135.70,5.00
108.3,Khalil Shakir,WR,136.30,145.90,-9.60
110.3,Jordan Mason,RB,131.50,126.30,5.20
112.3,Jayden Reed,WR,139.05,145.70,-6.65
114.0,Cam Skattebo,RB,117.70,106.80,10.90
115.3,Justin Fields,QB,245.07,299.80,-54.73
116.3,Rhamondre Stevenson,RB,123.05,127.70,-4.65
117.0,Dalton Kincaid,TE,106.80,112.20,-5.40
117.0,Colston Loveland,TE,102.30,104.20,-1.90
119.7,Javonte Williams,RB,102.65,128.90,-26.25
120.0,Caleb Williams,QB,286.07,288.30,-2.23
122.7,Dallas Goedert,TE,108.95,114.30,-5.35
124.7,Zach Charbonnet,RB,133.55,130.40,3.15
127.7,Drake Maye,QB,265.07,275.70,-10.63
127.7,Michael Pittman,WR,130.30,151.70,-21.40
127.7,Josh Downs,WR,131.20,138.30,-7.10
128.3,Kyle Pitts,TE,97.30,114.70,-17.40
128.7,Jake Ferguson,TE,108.55,116.70,-8.15
129.7,CJ Stroud,QB,254.62,280.40,-25.78
131.3,Tank Bigsby,RB,90.50,110.10,-19.60
133.3,Keon Coleman,WR,127.15,144.70,-17.55
135.0,Jordan Love,QB,258.62,278.30,-19.68
136.7,Jonnu Smith,TE,96.10,98.50,-2.40
140.0,JJ McCarthy,QB,271.52,292.60,-21.08
144.7,Austin Ekeler,RB,136.00,146.30,-10.30
145.0,Najee Harris,RB,118.40,108.10,10.30
145.3,Nick Chubb,RB,82.10,94.50,-12.40
147.3,Brandon Aiyuk,WR,107.00,100.30,6.70
151.3,Jayden Higgins,WR,124.15,115.00,9.15
152.3,Keenan Allen,WR,100.30,119.60,-19.30
153.0,Rashid Shaheed,WR,130.85,146.40,-15.55
154.0,Darnell Mooney,WR,121.30,138.70,-17.40
155.3,Cam Ward,QB,257.24,254.70,2.54
155.7,Jacory CroskeyMerritt,RB,113.40,136.50,-23.10
156.0,Tyjae Spears,RB,111.20,114.50,-3.30
156.7,Hunter Henry,TE,104.90,107.30,-2.40
157.0,Jaydon Blue,RB,111.40,94.20,17.20
160.3,Adam Thielen,WR,105.55,121.70,-16.15
161.7,Rachaad White,RB,101.10,116.00,-14.90
162.7,Zach Ertz,TE,98.40,113.00,-14.60
167.0,Trey Benson,RB,109.80,97.30,12.50
167.3,Braelon Allen,RB,79.30,84.60,-5.30
168.7,Michael Penix,QB,232.82,263.30,-30.48
169.3,Luther Burden,WR,110.20,101.10,9.10
171.5,Tre Harris,WR,110.60,94.30,16.30
171.5,Elijah Arroyo,TE,88.00,78.50,9.50
172.3,Isaac Guerendo,RB,53.50,47.80,5.70
173.5,DeAndre Hopkins,WR,71.80,80.60,-8.80
174.0,Tua Tagovailoa,QB,231.62,262.30,-30.68
174.0,Marvin Mims,WR,112.85,133.20,-20.35
174.5,Kareem Hunt,RB,80.70,78.40,2.30
174.7,Shedeur Sanders,QB,22.80,37.00,-14.20
175.3,Rashod Bateman,WR,107.55,124.60,-17.05
176.0,Kyle Williams,WR,84.40,79.90,4.50
176.3,Trevor Lawrence,QB,262.52,275.50,-12.98
176.3,Matthew Stafford,QB,257.00,262.00,-5.00
177.3,Bryce Young,QB,239.72,262.70,-22.98
177.3,Bhayshul Tuten,RB,94.50,79.70,14.80
177.5,Dylan Sampson,RB,88.60,95.70,-7.10
177.5,Jalen McMillan,WR,48.20,45.90,2.30
178.0,Jerome Ford,RB,94.70,110.50,-15.80
178.3,Marquise Brown,WR,112.05,122.50,-10.45
180.3,Aaron Rodgers,QB,226.12,236.90,-10.78
180.3,Christian Kirk,WR,101.20,113.70,-12.50
181.0,Tyler Allgeier,RB,102.75,90.60,12.15
182.0,Donte Thornton,WR,82.10,63.80,18.30
182.5,Jack Bech,WR,74.50,88.40,-13.90
183.3,Jaylen Wright,RB,105.00,91.90,13.10
184.5,Rico Dowdle,RB,94.60,83.30,11.30
185.0,Isaiah Likely,TE,84.50,97.40,-12.90
187.0,Sam Darnold,QB,232.72,254.50,-21.78
187.5,Mike Gesicki,TE,99.50,95.40,4.10
187.7,Ray Davis,RB,110.60,88.80,21.80
192.7,Cade Otton,TE,87.20,102.20,-15.00
193.0,Pat Freiermuth,TE,88.50,91.20,-2.70
194.5,Blake Corum,RB,42.20,60.00,-17.80
195.0,Cedric Tillman,WR,117.30,120.40,-3.10
196.0,Chig Okonkwo,TE,112.60,95.20,17.40
196.5,Anthony Richardson,QB,130.70,58.40,72.30
197.0,Geno Smith,QB,243.52,261.60,-18.08
198.0,Xavier Legette,WR,92.55,114.20,-21.65
202.0,Mason Taylor,TE,97.50,87.30,10.20
203.3,Brenton Strange,TE,95.00,101.40,-6.40
204.7,WanDale Robinson,WR,108.30,116.60,-8.30
205.0,Darren Waller,TE,95.00,98.10,-3.10
211.5,Joshua Palmer,WR,123.60,100.90,22.70
216.0,Elic Ayomanor,WR,81.80,61.70,20.10
219.5,DeMario Douglas,WR,113.00,108.40,4.60
221.5,Jaxson Dart,QB,59.00,56.70,2.30
222.0,Tyler Lockett,WR,68.40,103.20,-34.80
224.0,Cole Kmet,TE,46.00,57.10,-11.10
225.0,Pat Bryant,WR,75.80,65.10,10.70
225.5,Woody Marks,RB,51.30,73.60,-22.30
226.0,Justice Hill,RB,71.40,70.30,1.10
226.5,Romeo Doubs,WR,93.50,104.80,-11.30
226.5,Dalton Schultz,TE,82.00,93.80,-11.80
228.0,Roschon Johnson,RB,79.70,78.10,1.60
228.0,Isaac TeSlaa,WR,47.80,27.70,20.10
228.5,Will Shipley,RB,66.20,40.40,25.80
229.0,Dawson Knox,TE,46.20,46.30,-0.10
234.0,Quentin Johnston,WR,67.70,88.20,-20.50
236.0,Ollie Gordon,RB,47.90,55.70,-7.80
236.0,Kirk Cousins,QB,12.44,7.30,5.14
237.0,Tory Horton,WR,68.70,70.90,-2.20
237.0,Jarquez Hunter,RB,47.00,48.00,-1.00
239.0,Jahan Dotson,WR,48.50,32.80,15.70
240.0,Keaton Mitchell,RB,60.80,58.50,2.30
240.0,Zamir White,RB,19.90,37.80,-17.90
240.0,Brashard Smith,RB,46.20,23.10,23.10
240.5,Kyle Monangai,RB,63.00,53.50,9.50
241.0,Taysom Hill,TE,17.00,14.40,2.60
242.0,Noah Gray,TE,65.00,61.10,3.90
242.0,Jaleel McLaughlin,RB,29.80,43.40,-13.60
243.0,Russell Wilson,QB,180.70,195.50,-14.80
243.0,Theo Johnson,TE,87.50,84.80,2.70
244.0,DJ Giddens,RB,70.10,34.10,36.00
244.5,Tahj Brooks,RB,63.00,48.70,14.30
246.0,Raheem Mostert,RB,51.20,68.20,-17.00
246.0,Hunter Renfrow,WR,6.00,16.10,-10.10
247.0,Joe Flacco,QB,133.30,152.00,-18.70
247.0,Miles Sanders,RB,80.40,70.40,10.00
247.0,Kendre Miller,RB,49.00,66.20,-17.20
248.0,Alec Pierce,WR,82.00,90.20,-8.20
248.5,Adonai Mitchell,WR,65.80,65.00,0.80
249.0,Roman Wilson,WR,71.20,52.20,19.00
249.0,Jalen Milroe,QB,21.70,23.00,-1.30
250.0,Daniel Jones,QB,172.64,229.20,-56.56
250.0,Kenneth Walker,RB,165.55,200.30,-34.75
250.0,Tyler Shough,QB,156.96,182.30,-25.34
250.0,Michael Wilson,WR,100.20,98.30,1.90
250.0,Calvin Austin,WR,70.90,93.50,-22.60
250.0,Juwan Johnson,TE,93.50,91.10,2.40
250.0,RayRay McCloud,WR,61.30,90.10,-28.80
250.0,Tyler Higbee,TE,73.00,87.00,-14.00
250.0,Darius Slayton,WR,97.50,86.70,10.80
250.0,Dyami Brown,WR,105.60,86.70,18.90
250.0,Tutu Atwell,WR,73.80,84.80,-11.00
250.0,Josh Reynolds,WR,77.00,83.40,-6.40
250.0,Spencer Rattler,QB,106.38,82.70,23.68
250.0,Nick WestbrookIkhine,WR,72.80,80.40,-7.60
250.0,Jalen Tolbert,WR,67.80,78.70,-10.90
250.0,MarShawn Lloyd,RB,29.20,75.90,-46.70
250.0,Andrei Iosivas,WR,84.00,75.50,8.50
250.0,Brandin Cooks,WR,43.10,74.50,-31.40
250.0,Jalen Nailor,WR,69.90,73.60,-3.70
250.0,Tre Tucker,WR,41.70,73.50,-31.80
250.0,Diontae Johnson,WR,88.20,72.90,15.30
250.0,Jordan Whittington,WR,86.50,72.70,13.80
250.0,Will Dissly,TE,50.50,72.30,-21.80
250.0,Noah Fant,TE,55.00,71.20,-16.20
250.0,JaTavion Sanders,TE,88.00,70.40,17.60
250.0,Jalen Coker,WR,81.80,69.70,12.10
250.0,Troy Franklin,WR,78.30,69.50,8.80
250.0,Noah Brown,WR,60.50,67.80,-7.30
250.0,Marquez ValdesScantling,WR,59.20,66.70,-7.50
250.0,Dontayvion Wicks,WR,59.00,66.50,-7.50
250.0,Kayshon Boutte,WR,77.30,66.20,11.10
250.0,Tyler Conklin,TE,49.50,63.00,-13.50
250.0,Christian Watson,WR,26.00,61.60,-35.60
250.0,AJ Barner,TE,59.60,61.10,-1.50
250.0,Allen Lazard,WR,30.20,59.10,-28.90
250.0,Curtis Samuel,WR,44.40,59.00,-14.60
250.0,Ty Johnson,RB,48.70,58.80,-10.10
250.0,Greg Dortch,WR,66.20,57.20,9.00
250.0,Malik Washington,WR,57.50,54.10,3.40
250.0,Chris Rodriguez,RB,58.40,53.70,4.70
250.0,Austin Hooper,TE,43.00,53.10,-10.10
250.0,Samaje Perine,RB,41.60,53.00,-11.40
250.0,Van Jefferson,WR,25.10,52.70,-27.60
250.0,Antonio Gibson,RB,35.60,50.40,-14.80
250.0,Devaughn Vele,WR,64.50,50.40,14.10
250.0,Parker Washington,WR,56.20,48.60,7.60
250.0,Michael Mayer,TE,55.00,48.30,6.70
250.0,Jaylin Noel,WR,71.00,48.10,22.90
250.0,Dillon Gabriel,QB,22.00,47.80,-25.80
250.0,Tim Patrick,WR,48.70,47.60,1.10
250.0,JuJu SmithSchuster,WR,21.80,47.50,-25.70
250.0,Harold Fannin,TE,63.50,47.40,16.10
250.0,Foster Moreau,TE,29.50,47.10,-17.60
250.0,Kenneth Gainwell,RB,44.00,46.00,-2.00
250.0,Tai Felton,WR,50.30,45.80,4.50
250.0,Terrance Ferguson,TE,45.60,45.60,0.00
250.0,KaVontae Turpin,WR,68.70,45.00,23.70
250.0,Chimere Dike,WR,52.60,44.60,8.00
250.0,Devin Singletary,RB,52.60,43.90,8.70
250.0,Trevor Etienne,RB,29.20,43.70,-14.50
250.0,Khalil Herbert,RB,3.20,40.40,-37.20
250.0,Demarcus Robinson,WR,47.80,40.30,7.50
250.0,Jermaine Burton,WR,53.60,40.30,13.30
250.0,Josh Oliver,TE,30.50,39.70,-9.20
250.0,Devin Neal,RB,67.50,39.50,28.00
250.0,Sean Tucker,RB,57.50,38.70,18.80
250.0,Luke McCaffrey,WR,26.60,38.50,-11.90
250.0,Oronde Gadsden,TE,48.00,38.30,9.70
250.0,Tommy Tremble,TE,26.00,37.30,-11.30
250.0,Ben Sinnott,TE,44.40,37.10,7.30
250.0,Luke Musgrave,TE,32.60,36.70,-4.10
250.0,Gunnar Helm,TE,35.00,36.20,-1.20
250.0,Emanuel Wilson,RB,60.80,35.60,25.20
250.0,Kendrick Bourne,WR,3.70,34.70,-31.00
250.0,AJ Dillon,RB,26.20,34.50,-8.30
250.0,Zay Jones,WR,25.50,34.10,-8.60
250.0,Brock Wright,TE,18.00,33.90,-15.90
250.0,Robert Woods,WR,24.00,33.60,-9.60
250.0,Kalif Raymond,WR,27.80,32.00,-4.20
250.0,Cade Stover,TE,47.60,31.80,15.80
250.0,Jeremy Ruckert,TE,22.50,30.90,-8.40
250.0,Elijah Moore,WR,22.40,30.70,-8.30
250.0,KhaDarel Hodge,WR,31.00,30.30,0.70
250.0,Xavier Hutchinson,WR,3.10,30.20,-27.10
250.0,Jalen Royals,WR,50.00,29.30,20.70
250.0,Adam Trautman,TE,23.50,28.10,-4.60
250.0,Audric Estime,RB,3.10,28.00,-24.90
250.0,Luke Schoonmaker,TE,27.50,27.60,-0.10
250.0,Charlie Woerner,TE,20.80,27.60,-6.80
250.0,Jalin Hyatt,WR,29.00,27.10,1.90
250.0,Isaiah Davis,RB,28.50,27.00,1.50
250.0,Daniel Bellinger,TE,25.20,26.30,-1.10
250.0,Julian Hill,TE,25.00,25.50,-0.50
250.0,Chris Brooks,RB,23.30,25.40,-2.10
250.0,Grant Calcaterra,TE,20.50,25.30,-4.80
250.0,Casey Washington,WR,24.00,25.20,-1.20
250.0,Malachi Corley,WR,28.60,24.70,3.90
250.0,Josh Whyle,TE,10.00,24.20,-14.20
250.0,Jake Bobo,WR,3.30,24.00,-20.70
250.0,Jaylin Lane,WR,57.10,24.00,33.10
250.0,Pierre Strong,RB,5.00,23.90,-18.90
250.0,Payne Durham,TE,17.80,23.80,-6.00
250.0,Arian Smith,WR,33.20,23.40,9.80
250.0,Jamari Thrash,WR,8.10,23.30,-15.20
250.0,Johnny Mundt,TE,22.60,23.30,-0.70
250.0,Emari Demercado,RB,15.90,23.20,-7.30
250.0,Clyde EdwardsHelaire,RB,5.70,23.10,-17.40
250.0,Elijah Higgins,TE,29.00,23.10,5.90
250.0,Kimani Vidal,RB,4.60,22.80,-18.20
250.0,Darnell Washington,TE,25.70,22.80,2.90
250.0,Tyler Goodson,RB,13.90,22.40,-8.50
250.0,Savion Williams,WR,24.60,22.00,2.60
250.0,Xavier Restrepo,WR,21.70,21.70,0.00
250.0,Sincere McCormick,RB,23.40,21.30,2.10
250.0,Colby Parkinson,TE,21.00,21.00,0.00
250.0,DeAndre Carter,WR,7.60,20.40,-12.80
250.0,Ty Chandler,RB,28.80,20.20,8.60
250.0,Olamide Zaccheaus,WR,23.50,19.60,3.90
250.0,Mack Hollins,WR,22.50,19.20,3.30
250.0,Jeremy McNichols,RB,17.90,19.00,-1.10
250.0,Mason Rudolph,QB,12.10,18.80,-6.70
250.0,Drew Ogletree,TE,5.90,18.40,-12.50
250.0,Dameon Pierce,RB,40.90,18.30,22.60
250.0,Kenny Pickett,QB,43.46,18.20,25.26
250.0,Tylan Wallace,WR,17.90,17.60,0.30
250.0,Kalel Mullings,RB,25.90,17.30,8.60
250.0,Damien Martinez,RB,26.70,17.30,9.40
250.0,Pharaoh Brown,TE,7.50,17.10,-9.60
250.0,Jimmy Garoppolo,QB,16.48,16.50,-0.02
250.0,Jameis Winston,QB,29.60,16.40,13.20
250.0,Malik Willis,QB,14.54,16.20,-1.66
250.0,Drew Sample,TE,20.70,16.00,4.70
250.0,Craig Reynolds,RB,6.60,15.70,-9.10
250.0,Sterling Shepard,WR,8.40,15.70,-7.30
250.0,KeAndre LambertSmith,WR,25.30,14.40,10.90
250.0,Cedrick Wilson,WR,3.80,14.40,-10.60
250.0,Lucas Krull,TE,4.80,14.40,-9.60
250.0,Brevyn SpannFord,TE,20.50,14.30,6.20
250.0,Quintin Morris,TE,2.90,14.20,-11.30
250.0,Hunter Long,TE,2.90,14.00,-11.10
250.0,Travis Homer,RB,4.70,13.80,-9.10
250.0,Bo Melton,WR,25.20,13.80,11.40
250.0,Devontez Walker,WR,20.60,13.20,7.40
250.0,Marcus Mariota,QB,14.10,13.10,1.00
250.0,Devin Culp,TE,17.70,13.10,4.60
250.0,Charlie Kolar,TE,6.40,12.80,-6.40
250.0,Blake Whiteheart,TE,3.00,12.50,-9.50
250.0,Ronnie Rivers,RB,1.60,12.40,-10.80
250.0,John Bates,TE,17.40,12.30,5.10
250.0,Mac Jones,QB,12.14,12.20,-0.06
250.0,Carson Steele,RB,4.80,12.20,-7.40
250.0,Joshua Dobbs,QB,13.80,12.10,1.70
250.0,Tyrod Taylor,QB,23.62,11.90,11.72
250.0,John Metchie,WR,10.70,11.90,-1.20
250.0,Zach Wilson,QB,12.40,11.80,0.60
250.0,Tip Reiman,TE,7.40,11.80,-4.40
250.0,Malik Heath,WR,3.50,11.70,-8.20
250.0,Ian Thomas,TE,4.40,11.50,-7.10
250.0,Mitchell Evans,TE,9.00,11.30,-2.30
250.0,Jake Browning,QB,13.06,11.20,1.86
250.0,Luke Farrell,TE,8.50,11.20,-2.70
250.0,Stone Smartt,TE,4.60,10.90,-6.30
250.0,Tommy Mellott,WR,2.60,10.80,-8.20
250.0,Dare Ogunbowale,RB,8.10,10.70,-2.60
250.0,Aidan OConnell,QB,10.18,10.60,-0.42
250.0,Jackson Hawes,TE,6.20,10.60,-4.40
250.0,Jacoby Brissett,QB,12.32,10.50,1.82
250.0,Julius Chestnut,RB,1.90,10.40,-8.50
250.0,Jordan James,RB,2.90,10.30,-7.40
250.0,Jared Wiley,TE,3.00,10.30,-7.30
250.0,Gardner Minshew,QB,10.90,10.10,0.80
250.0,Sam Howell,QB,17.00,9.80,7.20
250.0,Greg Dulcich,TE,3.00,9.80,-6.80
250.0,Joe Milton,QB,13.70,9.70,4.00
250.0,Jeff Wilson,RB,2.40,9.40,-7.00
250.0,Hassan Haskins,RB,4.60,9.40,-4.80
250.0,Durham Smythe,TE,4.50,9.40,-4.90
250.0,Tyson Bagent,QB,13.08,9.20,3.88
250.0,Chris Manhertz,TE,3.00,9.10,-6.10
250.0,David Bell,WR,9.00,9.00,0.00
250.0,Eric Saubert,TE,5.90,9.00,-3.10
250.0,Mitchell Trubisky,QB,12.00,8.90,3.10
250.0,Derius Davis,WR,2.80,8.90,-6.10
250.0,Jarrett Stidham,QB,12.20,8.80,3.40
250.0,Nick Mullens,QB,12.76,8.80,3.96
250.0,Dante Pettis,WR,3.80,8.80,-5.00
250.0,Cooper Rush,QB,12.08,8.70,3.38
250.0,Davis Mills,QB,11.66,8.60,3.06
250.0,Deuce Vaughn,RB,4.30,8.60,-4.30
250.0,Tanner McKee,QB,12.90,8.40,4.50
250.0,Drew Lock,QB,11.80,8.30,3.50
250.0,Tez Johnson,WR,5.40,8.30,-2.90
250.0,Andy Dalton,QB,12.08,8.20,3.88
250.0,LeQuint Allen,RB,13.90,8.10,5.80
250.0,Tyquan Thornton,WR,2.10,8.10,-6.00
250.0,Brandon Allen,QB,11.60,7.80,3.80
250.0,Jonathan Mingo,WR,4.80,7.80,-3.00
250.0,Quinn Ewers,QB,12.40,7.40,5.00
250.0,Mecole Hardman,WR,1.80,7.40,-5.60
250.0,Justin Watson,WR,3.20,7.40,-4.20
250.0,Jordan Watkins,WR,5.60,7.30,-1.70
250.0,Charlie Jones,WR,3.60,7.10,-3.50
250.0,Davis Allen,TE,3.00,7.10,-4.10
250.0,Trey Lance,QB,13.50,7.00,6.50
250.0,Xavier Gipson,WR,11.20,7.00,4.20
250.0,Will Mallory,TE,2.90,7.00,-4.10
250.0,Eric Gray,RB,3.40,6.90,-3.50
250.0,Mo AlieCox,TE,3.00,6.80,-3.80
250.0,Deshaun Watson,QB,13.10,6.70,6.40
250.0,Kyle Trask,QB,11.92,6.50,5.42
250.0,Jashaun Corbin,RB,4.20,6.50,-2.30
250.0,LilJordan Humphrey,WR,6.40,6.40,0.00
250.0,Dee Eskridge,WR,0.50,6.20,-5.70
250.0,DeeJay Dallas,RB,3.30,6.00,-2.70
250.0,Rasheen Ali,RB,5.80,5.80,0.00
250.0,Scotty Miller,WR,5.10,5.80,-0.70
250.0,Kylen Granson,TE,1.40,5.80,-4.40
250.0,Tucker Fisk,TE,5.90,5.80,0.10
250.0,Devin Duvernay,WR,1.70,5.70,-4.00
250.0,Tyler Scott,WR,3.60,5.40,-1.80
250.0,Tanner Hudson,TE,2.80,5.10,-2.30
250.0,Nick Nash,WR,5.00,5.00,0.00
250.0,Trey Sermon,RB,3.30,4.80,-1.50
250.0,Mitchell Tinsley,WR,5.00,4.60,0.40
250.0,Jack Stoll,TE,4.50,3.90,0.60
250.0,Anthony Gould,WR,4.40,3.70,0.70
250.0,Ashton Dulin,WR,3.70,3.50,0.20
250.0,Trent Sherfield,WR,3.20,3.50,-0.30
250.0,Tank Dell,WR,3.20,3.40,-0.20
250.0,Isaiah Neyor,WR,3.40,3.40,0.00
250.0,Jacob Cowing,WR,1.70,3.40,-1.70
250.0,Jase McClellan,RB,5.80,2.90,2.90
250.0,Dylan Laube,RB,5.70,2.90,2.80
250.0,Jimmy Horn,WR,5.10,2.60,2.50
250.0,Raheim Sanders,RB,4.60,2.30,2.30
250.0,Carlos Washington,RB,4.20,2.10,2.10
250.0,Jason Brownlee,WR,1.90,1.90,0.00
250.0,Braxton Berrios,WR,3.40,1.80,1.60
250.0,Tyler Badie,RB,3.30,1.70,1.60
250.0,Phil Mafah,RB,3.30,1.70,1.60
250.0,LaJohntay Wester,WR,3.40,1.70,1.70
250.0,George Holani,RB,2.90,1.50,1.40
250.0,Robert Tonyan,TE,3.00,1.50,1.50
250.0,Nick Vannett,TE,3.00,1.50,1.50
250.0,Keilan Robinson,RB,2.80,1.40,1.40
250.0,Sione Vaki,RB,2.10,1.10,1.00
250.0,JaMycal Hasty,RB,2.00,1.00,1.00
250.0,Nikko Remigio,WR,1.80,0.90,0.90
250.0,Xavier Smith,WR,1.70,0.90,0.80
250.0,DErnest Johnson,RB,1.50,0.80,0.70
250.0,Harrison Bryant,TE,1.40,0.80,0.60
250.0,Trenton Irwin,WR,0.50,0.50,0.00